id	stable_key	fingerprint_sha256	name_kanji	name_reading
10001	b86ddd3aafe82cc68bcbce4b63f1acd267d1653016604120105ae95e686a1c21	86ce9358a42ef9c418c41056ef0e1acfe0f566095efa768d81fedc639d91f93d	丁儀	テイギ
10002	52313ac2d6df938787a923042004a5e74bbb5da13e99f8881078f6a062731266	f5436b0baf7129f36ba863ac91963968edccafba02cc26cacd9dacd7393db7de	丁原	テイゲン
10003	1b274ff0442e9bb6d58351e7575692c03db8b6bd610cd0e79390609e1212dcb7	66ad5063740dc31a8f0fa9a61b359bf6760941856ed79f7095753da6d1968628	丁固	テイコ
10004	32e6c6506f9b472cea205d9e1bcba13dfbeab3d96fa980743fb615c4d36513ab	bcf90b5ea4074a4b82f0d971205087ffcd01072ede822a51f1551ac3aeb1c5bf	丁奉	テイホウ
10005	5642e938b5c3294bcee9a5007c472d3fdb806a95cdfa952b3faf7ab7dfa11bc3	eed3fedcb4c0298b7ad96682063cc8c766f7b6083b30c0228480ab77b19eb64a	丁封	テイホウ
10006	5bb381d4369c2e34b8253a92a477b6ad1034ddf4a86f23806874cf1798b6edfc	0e1cee1f17cd86a295c262008789e542fbcc8bf03203f454354a1d93b73d134e	丁斐	テイヒ
10007	6c51ce6221b91a9ad71bf26db4652aeea267f5cfc2c97a75e23723287fb11b5e	a5c5feb5a370ae4eb9d087c0db8a2cc5ea031095712d433cdd8f172cb4fd1c47	万彧	バンイク
10008	ac7a6f2e81eea0fd3bfe2f8de6dad573465eb71101fb8ecf82aa2a7a685c7d9a	7b36f06d2431e3834b92e71607d68a7f12a07af63634640cc6e7d72dcb2b445a	上官子脩	ジョウカンシシュウ
10009	a914a882d9c133e909fac1b928a6369a923a797e244ccb6a91fbe85bdae3da47	63bf0fee80f92d91004ca9ae0c5c3444104b6d8092cf207a9ce8862794141116	丘力居	キュウリキキョ
10010	03c14824a44c1cef1b657ff888bdefef6fd7e5d948f1be913910d48794a2529e	1ee619fdfcbf87b47dcc1ccea41ae890e7653d9ae0b98fea9d4eb715cf327965	丘建	キュウケン
10011	49655072df66c88ed84eab74b6dd69d71faaabedfaa57b4c2320b467d790ad25	fb8eab57908d85f8ca3c77d2a3ab0135f00b5335fc467f6ef7170a5086dbfaf4	丘本	キュウホン
10012	bcf674f0df98c4574e49fc9c871f71331bb2c65e568cf3a88f03ee666e6cc314	6c040c3bc5e5c9c6ec001338bdf68ba56d1be58536f5869f3eca9ecd00688dc9	于毒	ウドク
10013	20351e422830d73c0c2ca8f66dff08c40b880fa48ef0ed3b957e3dbbfd5be72b	901f3d765783e0e0cba2e172afee6309d49a3d19b834ee2ec09fa851d6892411	于禁	ウキン
10014	c158013069a5c6f4d49b7cb4c1a7bff9b5b0629b23f7f2c6f34c83fce824ae6d	b6fa5f3f8206304c9fd211e0adf3dabd862ecf08894e38ef66fa5963abdb8ca2	于糜	ウビ
10015	4c1ad9e83d8183f454c575ab401a9d6356a3c0adffa5696034a80db638713b8b	f1d66e16b7e972276a034f827aaa48a5f191d2f9833e303a97137e9ef2295723	于詮	ウセン
10016	3064168fbd2f8dc1fa6c16ee5c59fbd660227443e4da161f54672bd09afc0889	2d99a184620322342fac7ae1e1d3cf9d251051577e818542d53db75862312560	令狐愚	レイコグ
10017	39cf220d5aaf24268382ad40c7e9630ecd32305be4f5d7293a1205b559ed1606	4ddf4639d12738640aa249793f5f3200d265fa86af32b1a6470aef497dac4e58	仲長統	チュウチョウトウ
10018	0f7a54223c0d6e9b6ea99b8b19f4b4c0e12e7ccdf8b158c8d0f4b6702f78bff5	67aa656643aef0b86bdbb2140977a84cc71abec2543912c5cbc4446423ec04f2	任峻	ジンシュン
10019	2522f990da61b6d955f40c26998ea1d66c97e387dfa12e15c94bc19b4c7eb1f6	86021c1dfe954b0ab446fa894c8c823325b502e5b560831e6b73fd5225a9bed6	伊籍	イセキ
10020	6b0c86bff729770ace9c442ecb961021a82216bb07a9c958acf102a5e95e056f	80710e075387c3f0758dbaaf2926d4411fad93e72dde021027fc5488bec9ed21	伍孚	ゴフ
10021	94f9b09ccb56f9479771dccb9432707c963feaca24aeb8f4f031acae62158f7f	b729acaa524b156c87b6c78134695b3be5fb060c7ba2fc44ab250665ede7bb16	伍延	ゴエン
10022	ad775657e528a1e0f2f9384d6b435f69ba415f66097d1341ce71308632c9e823	d6e6e57e923effec9ea9faa14c3d76d5c2aaf0fe92bdff2fa9e83578056883b1	伍習	ゴシュウ
10023	b1e1d79e20b17818ff1a0406db47fa3f2162ede057a77328d76fe1ed19dd067a	ce88076f1d88c55d6260cd151e913f2f3ed29656a239d8c1e299dbc56f463522	何儀	カギ
10024	93177e709166b3f5bd1b337014c34753763ccf735dc2fa9e4b81b5ce58502187	63d24fbca7ac7200a8b4d38e4052d4c289bc485ea24936a112386ed4af0099b6	何宗	カソウ
10025	160bfeb69b9ca4d56c6281e697ab7a41c73372f983413cc49a07fe8072339770	0403003d446e55998d80259a848006d40dfdd2ea04ab08ded210c87eae37c023	何晏	カアン
10026	146eff96ac94b181a0e268cd26884810f7704bdbd98c4186d9ae3f596f8cf974	ba0ad828330c3a80474661c76ebb3cc5ffbf645755f6ac4910130b57abd269d9	何曾	カソウ
10027	1d020a4a123103e0d82093d5f1ea54eb607f126d82e67f2c1e38f63c30e94f6c	cb55dced5333d32ddd038aa25b3ec48922c7bebc1ebdd1955afcfa12ebf3794e	何植	カショク
10028	87040f3ae24cd52d63f3a55aaa1ba82980844b335f8a9357868bea50d98a968f	ea6e24c4db73c071c3316e3b98a01ffaed6bca35d38a6e104e4fc8cff73a1181	何楨	カテイ
10029	e25b0910086c8c8bbe58c5e21531cfd7d349548b46ab511f5bb93732ebaabc55	0d72ea428b4385c3de27d23e247284c2b85f0cb7445bc1ac2f195e9fc3867e36	何氏	カシ
10030	6bb32c8a7def26cecc18c2113e68dd0893b5aff337c479fc9f611029b3c19a5f	9ee1958850ff72aaba4e860d6f857f46b746f6968939fb16f1098f0df9695eee	何苗	カビョウ
10031	0b45d8db82ea42fe110219e9b68ae5d206877791e4917e720e3c6276b2f713c2	dfca68e6fd3738e9703011e880fec66c7fa8aca0d5418d90dcc28a2a801ec0e6	何進	カシン
10032	74beda011466fa0cf969b47b9e48aa1edcd3a1d2b70fdfdaddf327020855cd0e	a0fd1ae164e2c1049cfcdf70266f99d6272fbfa628d3ebb45b9eddb88389a712	侯成	コウセイ
10033	4b27717c86548e3b5591fa312d2d09f993813d8675db0c30de43b93f1f4672ca	5cf07766867e77b3962aaf3c556554f776f6afd5818ae5cd002f207d5b7e78c7	侯氏	コウシ
10034	7ec67e842e78fc470b17749b530d72beee90e3047e304ff4d7f1c2bfcd193b62	254efaa2960fdef42c4d8786a64675e659d2e73e4364cfee7d3cde9f228a9691	侯選	コウセン
10035	2246073428c4dbac16f64012dd0c2cfa88e7362a1d7ae389749dd084416f7662	b26f1d8b0c4b7ed8c2c616c185379be05128dfcf8b3a14d04f98167f2c43021a	侯音	コウオン
10036	ea270b0304ee9ea3531e93bb5e69c1fff069300f21f030c80f959de77d427a70	a2ef5056130452401de73e29be8e04b3e1fba39d76b3b6da28dd957916955621	俄何焼戈	ガカショウカ
10037	c11597b11055f884658440f68d5c90d762e267f0ac3082c30e74b910121577c1	7000d24bb2835603bd19e6194e46d86faa085ac4590e92702960f6948478c811	倉慈	ソウジ
10038	2b5e6c781ba4474e68ca30313b88716de0546cf2cfe9cd04b3d925425c1bf6c5	7cdee6a4e8c5e16d73e6b1889d77d82065c75abb9b8e4f721afb01195a10771b	倫直	リンチョク
10039	429bf8d120bc5538cd0c6fa1e426227a011c9f38a966c3f7ee1a479ad0fda7e0	ce0ae0ea23a923389acd679110dc8844521324815f436306b73fb90ee487988a	傅僉	フセン
10040	b5e97963b1ff350ae481a583f4931acc36fdd7e18ab2fa2db1830922fdba439b	96df3d601b5a90d2df948960e327441f84de8ee69e0b7e9147824edbc7d0533a	傅嘏	フカ
10041	97ea2df4d0b858463825713a451f1912d147d9a2148e951beb495d0e071f379b	bb72041a09c54fe8421a946f24179763419af50e2a0e106bf1b822438b4f22cf	傅士仁	フシジン
10042	bfda29b4d5e0c4a64dd1e5b21e11522c432dd43b34edd8a4b34dbbc109673e20	7d5d92344dee432117198adf3b417732ecf992bafbadb6498787d2386bbb2eca	傅嬰	フエイ
10043	67e3d2dfcbdb84c4252d5e8ed5209127ba98dde1051647c4e15f4245cbc3ffdb	715a3ada9b1aaa3eae22a24c59f6d73feb3db34a15727ed7f82ad4cc56e9af53	傅巽	フソン
10044	f067b86b23e6047da2d4c54bb5ecc1311d47541f8198e4ffe15ff1a453aafcd3	5cfb3f3e56e35cabbcee4889ce4d5f4e136024338df1018ac3b1e04d6e3678b0	傅幹	フカン
10045	d2bc628e28b3a1b41d9fedef3b240b1a602d32dc1c392a2a4a5d64bd12366d40	ca70c4269faf95b579cdd98df709f499ce725180a55084e7d9635dec50c11fb8	傅彤	フトウ
10046	d580453ec26677ca248b4f0156fa79dce773456e859de62fcc11ebb19014e515	da7f8f7147d4a1af66cca7b33f4592120b7ff812d6cdcc132b08de75b5c61c33	兀突骨	ゴツトツコツ
10047	f63f877a0b70b6d1ffec86f4c97fd6e30dc94438287e540183852be0759a04c3	eeeec359e3a0b74b9087f0c8354e2c66ca3d2e43153081a71ff268979964cdbd	党均	トウキン
10048	403ab0324c659ad7ea2bea84dcb109f6e325532f192d4492b017bbdca9b3af63	246a39e9d3e6a9bd7b270e476a65deb20721143a7f87599ff318c712bb713a37	全尚	ゼンショウ
10049	5d6dbce585784806705c9335d5db4a89e1088f2e1eb708a78c9a179c80905a5c	a51d3c3f513020e782cab3fa32d5b5a4152face01e6a4d252be70b4da3919ef9	全懌	ゼンエキ
10050	209c9b91cdf341fd27610cca77ea33b598e0439e033b183cf3ce67278031bff9	50f959e1d8a96024d9c04ad26b4769011042ad42315b7aa298be6d9cfcba9efa	全柔	ゼンジュウ
10051	fb7adbc49a9f09e53639bd6e647e31f74369c84e756acd944bb83d30ea21ccc7	31d611df2c703fd26bcb99b546d0332a147890d78377295c34618dd801fa2341	全琮	ゼンソウ
10052	1b7b0e3dfbeadd959a5fc2a8f1123c19b84892bb7ce87daba60a94772cac285e	b43fc7cb0076d6c8bc705f42281bdd7c3ca0c4e440e2e824963daa9968e13783	全禕	ゼンイ
10053	3e19e5a5ff67f8f6a0e76b64dd361de039eab8a1cd7157b75fb1279031962caa	eac58992ab8d5b6cf126499eddba438434d4e298fad363c6b12c26095121d48c	全端	ゼンタン
10054	198ccb1c4c41b30e1cff097cd00cf14829f096dc5400412bbe04560b0076408e	7db3fe2db3f0c2a40e1bc6905a547504d7b8cbb8020e42f243e84243e3966a19	全紀	ゼンキ
10055	c745596043c58a9c2c176b0406c1e26611be348fd6871fa462b8de17a63ef38b	74926211c12bcac1bd4ef52df41e0ecf2d3c6a6c7459d04cf81f4129daf1ad28	兪渉	ユショウ
10056	fcfc06175b7dfee46f90346ec5a1f53c560c289e407361a447a2a9db2d30ff6d	c30d4a0eef29165186896d5fa1e404b2ba8db874c2acf25c77c2aefc080d4886	公孫度	コウソンド
10057	5ac3b4a9fa1182dc3afff81d0874e96f214c06977965d44a850fe5c1c70cf057	7d23073186e21c0a7f863d5eb25c90b95b000032cb07e8add5f44af1db709e3e	公孫康	コウソンコウ
10058	efef4c675aa0f6090596a1402b7c1a8cb91b0360e0148a6d6d87f446fef60f30	d4a2ed761932ad870837433478f96fd4f64ad640252cc8b41dd92b6b0b355b04	公孫恭	コウソンキョウ
10059	b0183a56f263bc1cdf7c6f11a89c9d6278323c96eb6defbf820f2e13defa4293	28b0d96ecdfd38996d9c3a7aaf0c99292ad28eea7942669905535f7d246b0cc3	公孫晃	コウソンコウ
10060	4dd84c02d1338f5e41e8ed3024dc1e46881068a31b03f5613f82c375e3ecb123	e65ab4e9a68cd96ea4b2c89ccc1277f9f51b5e6d93ffed56c92d2e8858e811ad	公孫淵	コウソンエン
10061	d9ef639b2113cf1735e75a461d9c6bb87cd2b4ac1087d01aeb97c41d0f0d2722	38d3c4624ed6f0f78bb8e70accf422e1acc96c28160244d64d063f6ba4cdcc54	公孫瓚	コウソンサン
10062	cfcc43b912a7120b29af58a53e8916acaa8b4b686e1837830add2c9981a9e9b0	ae012ff343380877b756c944c92cc2313e12fa9a779d26c0c2aee62ce896db44	公孫範	コウソンハン
10063	7f700cf239470bb760d8285ed87bd88bc003f46a30f3878daaf32900dede4931	961a75c2797bc59e5a20c84b89d598992f7f93e3b7c0d03e38c032d5ac9af7ee	公孫続	コウソンショク
10064	cce8b532a72c223753e1a92f5f40dcb8f00dcc2b24b2c6a04693de4f5bab5cdc	b4848764d1765d56d4c901874fba8e843856d04a9d4b6f7685c1b86fd6d4ef0d	公孫越	コウソンエツ
10065	043585ddb4d681c7115ca75a2d8c5cf69a5357b3276f1df12e0723507cbfa009	1663d8f6b5ce487b867f3f81597dc145af64bbd2b0b73b6b0410cda9a5a486cb	典満	テンマン
10066	fc758adf238f901acc9d89d2163024ab1ec1fd333825e01b26fe6b5aa70d686a	2bae6432110211bb8ed9d03577e6cd54723dcd321442b2c8eea54f55652557c3	典韋	テンイ
10067	9bc8130af8d48d044cedd4c030a4230ca243acfcd96866f9df4c194e4f5bd06e	44cbe08ae4642b551e7aca5febbd7e41c6555261f479df932a4b414fd16c7e3a	冷苞	レイホウ
10068	95b153f001504fe885332c8ab01532310c03d2f620ef26657be31eeb555e2f87	bf4f035872249b0487ab09b229e0f7d96c3e9b435d6d2ea19d08a1fce797975e	凌操	リョウソウ
10069	687cd6e01cccee651658ea447e064eba121cd7051cb7ace0fba0e5c9e2595aaa	76da2f4097c9436246ea7d70dc6541e67a40308a5a405d69d2dfc1dafbc8dbc2	凌統	リョウトウ
10070	2de91f67d1db397439bc688bbcb4f67400d7c651a95f1fe1732ba87d19128968	bcc66d4697560b5828d1081a6ce72847d8312d0cfd7b849398862e338544ce8b	劉丞	リュウジョウ
10071	2fa63faa10e43699b1c9b94fbe533a03fd208cdd650df16ef6273ff0b8b6305a	37c662fb279cb5ee39c9e9d35fb5dd169299aec2f25e8b02d0916be10f176ed1	劉備	リュウビ
10072	b92827ebf7e9dcaa8f7cd4668d362aa0d3e89c3e52e6a44f4b61ee10a5cfba8f	0ce36fc6be27350e23eb61ddd89a53def12724d19b81c9d46aaea10f4fe67af9	劉先	リュウセン
10073	aca9b8a5024b8290c8560981fb9f4eaae02e48949af41b8a9f16286f548ace5e	91449b52aff9250cab1ab46c9b376084278169e7a694070903461faef9e6321c	劉冑	リュウチュウ
10074	64408def9ecb93bfb17e101206196dd0fa7a2df3f928f755adb672c321c9b2b9	40bde958dc1e8fb8434206ab1f79d98f02689a0c5736de37178a97b65d8e30c9	劉劭	リュウショウ
10075	5ac38dbf1dd60e4859f246de253336624ef6038418c434855d34699cda48989a	252198b2c70632b396b6e12fc45d195e3c7236ea733a81cdc2fc13bcdceaf9a3	劉勳	リュウクン
10076	e76ccad57c8f9883faba16ee6a992735db7bea50bbbd40f91ed7fc0ad0595436	61184cfe6200e34b3e8fe314cdf040addd708f384fa61042b3e67ed9acb0bbba	劉和	リュウカ
10077	e322a0987410282227bfadfd5add17deabe923c4551ac9f8b8840ed6ba9003a1	a9f402882f38bb543c27324fffb369db8a0aded190b18872a1d7246a73e6040b	劉基	リュウキ
10078	8634028fac7fb801863fbbb1aabffc83946de21bb2161d1dd2e4408795fb4d1d	df75ac0770c361f0955156c716c00603760505e94279944b37ff3959e46bdf11	劉封	リュウホウ
10079	96d5ba741b586d88e4a0b090a30ae26428e9713b8839f79f93b5ef9561f54bbe	c09731615636ef3aca7b39d5bab26f46faa9693103a47a293f34cdec3e6dd2cf	劉岱	リュウタイ
10080	9b4fc8d6c4ae6bfd070d8ba76459a58c164093b3550ed304bcf6ccfd087e24b0	195cdb1fca9a16ef45f2ef4aa4988755dd64efa7bd72f504e60d9712af1c044a	劉巴	リュウハ
10081	add6ff4ea22b156bb83f4de77efb0a0b0d628758f71cb197480298494ef44b92	720ad8fdc521d07437c1b6ee9f3727cd8603edb59f4ae9a8d9935161d4bca750	劉度	リュウド
10082	dec614bbe20d1df0da9a56b603ce44f04ff1e6c23261f2b2c923224977a451b5	39521b7bd06704ea9104e6cabef5e163a28179682a8f36bce2369ae7c3bd1be1	劉延	リュウエン
10083	b3440eded02d26f7496fb72ddbfd5565baeb210f450a3b381099f3e417757115	db4955b1176bc93eb1dccac681110fde2ba6062d7e334abee89f4b39176d13d5	劉循	リュウジュン
10084	2884089e4e502c1b747827fa4c1e5f42f401b5f20759ad4ec630c79b95be545f	2c088a491e2b22b116b81382da70381e168ea35bafeaf0cba7a3cde23065adfe	劉放	リュウホウ
10085	ccf84f531b9f61c21990cd3c75d36a6bbf817433f18ed8ae748c4e5368674209	5570f88888d5d0895dd668f1e337f390cff7dbbc254b5d7efdbd09a817613011	劉敏	リュウビン
10086	84e7e532aff38940328d41c7683dd1ea78ec6c4b85f4bb41a1e2469887d927b6	a7b53fc2ac26b6214098f5257b53238d565947424e1a23f93914ea4bb3f41dc3	劉曄	リュウヨウ
10087	b1b7eb27c290589a486656c85841addbb5ae1eb07f431b595e0178455883eacc	e28d58a1abcbff8b1695a17760dd4c92f5dcbf82bcbfed3e019fcab3d0e5d473	劉氏	リュウシ
10088	3a6c2b5fe057e3f03ca76e02ef5204957a93130ded3b28ee6f86b36e3a990fb5	9040c454894360c4ff2212fb65054421c7d5481ee83e0ab2374b446a40c157d6	劉永	リュウエイ
10089	61177de4cca637f661afbe9232f0498bd582bc36098d9091b6092d3e858e62c8	8dd7b4e88f2c7bd8800b56077c7b69e3b08476b6089a617411a79d76a099ce99	劉焉	リュウエン
10090	7f8353f1a56d9eed2e592a41ad3cbfed63efd3338ba782c380fe002389e85468	d33401464190a58d7370d0f1508f313c0d2caadaf7d6a9e55a382108aa833e33	劉理	リュウリ
10091	0ff624e5e1fcac4e4f793a411c6d236773e00b2353b6fbcb7f29ad5e690e9700	6a98ce48fbc18b3ec908896dd9ae2598d23f77052b6819a24ef03ba65423e995	劉琦	リュウキ
10092	0d3899e2a2796cd8e30ae02c1d783f198eae1b1de4122a0cd7f43e0d3eb057de	4d0aa7e85ef8ccadde806650f6ed1d996d0385a5dfacd70e9b4457bafa247a84	劉琮	リュウソウ
10093	d5031263f10552e125c7f17a6767792cd77b31866d88822c50e9067773b886c2	a3a067fc1e5c863907809d51826b7f668449e7f88ed23e1777adc8451a77a666	劉瑁	リュウボウ
10094	3393914bc381c8042a8275fc180787fc24c8ab27a94617b0d8ae848d2440311f	a4c791464fea2b16b362d694fb29c333f34e966266ac31efa57240dd92db25d4	劉璋	リュウショウ
10095	9bffd9479bdded7b4b63c5b52235870c62a3407b3da6e22fd09558f88f85c4bd	bb167eb201ea58d6bf796be4163de0718ef083678d9508b4efd9318b1f184c63	劉璝	リュウカイ
10096	afda0ca990bd6ca7644455f12c6311f85b2bdef9e1f07b9352ef718af80f1e5e	1705da2fd720cf58f5839acd597c10f74ec14ca5c3852293b1febc28c2cf0688	劉璿	リュウセン
10097	0235ffa67fafb5fbe8151e062a4ee8f81aa1464b8cc3229bafc95301bf6a0481	8814e11560e7517472e7c5e707249b05fa7c667e46e166910be0c306e4bdedb8	劉磐	リュウバン
10098	e62b8fa7bcd6e8901f5a83e3226d2438dd753ee60541b54509042694c0d69210	bac5ac1f909b9e08aed6b290a01523c38e0e3f655b212b616b685adef2751038	劉禅	リュウゼン
10099	2dab8fd70ef280d0eef420fd3d036b4773824a1f038cd62ffacbc92652cf8177	075a7f9ee4912439ea4acc33faa7f7cc424fd7ed32a08339b5708256974fdb9b	劉繇	リュウヨウ
10100	722be7041d61d88a9042dd3c525400d0f3af189f96aabdb8fd6686cf7a9f0df3	8252eab1139eac493da73e3b8454ad8742999afa7e9e48fdf399166607a5a357	劉虞	リュウグ
10101	6cdcfc5cd05656faa88630c48aa22d96258281bd8b383afa0948eeb5bec8de3e	d8604ab17afcd6291bb672abbba40fa58d8256b1268822d6e1a49ad75c6d5395	劉表	リュウヒョウ
10102	9a4e013fa93e37e21165da24ab33ccff02b9030923e3f8e037de832dd6413203	0a5eba3e79cf6960276db98d403be88cb193080ba9aecac59d2262aae5c8fd4e	劉諶	リュウシン
10103	6b50683e55471b43d4aacfcd36e0ece97b499530fe8642936ebcddfdede0900e	86b5c5a5f0838ddebf6f4dbaa3d4a28e7c67060567d5c1d19e998e93a13e2169	劉豹	リュウヒョウ
10104	fc163348b7457f6de18f263543c3b9395fedbc95c2ed61a0d2e8fab2dca5fb8e	692735670271203dc4019882abcdd2066ffb6f4fc68ed0f381784a49c37e7558	劉賢	リュウケン
10105	8e1a4244a3adfbb5896b763f78754ad84ffdce9b8afc85cd9ee45f6d1b23f2f9	589117aaeef2ffc26a0ed08882f85a668812f8fe47aa3f7ecd18f873dd31b542	劉辟	リュウヘキ
10106	b3fd1f36b8453284323483388a96a4b7b6a02ac1e05deb30f633632da234dd45	927a11c9f5f009205e5bf34558b747f7b593edb80d809805a54f51573d532084	劉靖	リュウセイ
10107	806668a927e45d31c422962acaf84d0736be113c3846fe5f26f9f128026999c5	c8cf05e7822b23ebc07040e2cf504b4d623474092e469b2a609bb08d171b717e	劉馥	リュウフク
10108	4ee38bfa80ce4d6a6b37441a2742532d4c60faa2d34f31b063393d380ca4895b	aa6f8a7a4abaa87714020008bc77c9be223eb437c5f2499496bb4c9f5336b451	区星	オウセイ
10109	5d55e77cce2a3055ba8e306ed0f9137c05d2bbab66b8999a379614cc91fc9c1a	993b75b5878186534d664d976ddbe52e07495f6bf552512e16111d9d094d5d87	千万	センバン
10110	2694efd7b93fca665222b81ab0ee3edf85d81cc280787bfd1ca5bd03701b4135	d783542ba414d9f1ff14a26a10e71b437e91a7da3a92a087639261090b26c034	卑衍	ヒエン
10111	b365e42534e23af6280ea37096b0e2c46f3e5557604393ef402f272fde8b5b85	9d35a72bfdf4eeb4cce5d38db40f91bf30593ac7628dfbc9c4e7db0bbde0027d	卓膺	タクヨウ
10112	7a19e3d610540110df2000da8363c1bd26889c905619ebde64b61aacefe78b7a	07a1f00740c547328c2be41e266844a22e00ec29082b062cbfc9d5d104ac605c	単経	ゼンケイ
10113	4c0acafc66d4f61c18d4b176d62375d0a46006d439eb4f4e0de22325fe757ab4	09f3485be67a8e521e12233d8f0d5c9b09e2815111f89cc58d55777b550fd0d9	卞喜	ベンキ
10114	b95994e8627595c6c43b13513b1e649b4975122692bb75413cde3b5543318631	fe6451d7aec0063dbbd79bcf86854449a7aa1d57c87d2615fb494e77f6d0fc57	卞氏	ベンシ
10115	3331df7964cd5731e2cd1c01f611f851bbcbff5c43e626a940396a91acddb6b0	96310042fcb5278c5c76bfa27a197de4e9811afb0eaa3e42f2c007b2b179291f	厳政	ゲンセイ
10116	794a941b7d0a1e0d4c84ddb94157602539795f7c1ee9e6b599b3eeb26000c224	0bc5264050645a837fd149192162700fef7976eed4e95d8e9ad41b2c9a4ce1b5	厳氏	ゲンシ
10117	e2a43e7094dc3a9b83d72a2e06199155ea3e9c8fb26cb80a59dbb1286a0cb690	6ae0ca10a6ab270c97289e3d3c850b8c5462ed920125e43e49ecf82ed013199b	厳畯	ゲンシュン
10118	bce76b11113520a7f6d7cf68b6dc403bf7748e67a0d2c21689fe8f6ef12595c6	3b67052a2f0f18db650f5e0a61aa41bd923eafa1c608c578f1e28cd369d002dd	厳白虎	ゲンハクコ
10119	8e3ebdb6341f87211feaab78258b9196c616072c4db0dbab6e6127d9ecc0e624	25c2f95ace627f11375d70f4612a1e44a3240219c021679174762b66efb58b97	厳綱	ゲンコウ
10120	f3bdf80a2312b695afc2fd6ca23e06ef538b2392f35fae4bc549fae54c87c0f5	d902d7d10bb3ccf7ca0cf9be0872103fa20fcaa3a47565190c1c7c34a033d947	厳輿	ゲンヨ
10121	441f70517530373cb8a4445cd46729f7cd49606eded2ee0429f0bbbb2ba8dfea	a3cacd13541b37137e2578aff302d928a4db2cc633e45d34631b7a8a50a11ac9	厳顔	ゲンガン
10122	7cd70db23d240572758c21a0625bbc3970d60b86b19d5ae8e7aa07f176808348	b94a1cc0d9e3fea20e8c4a5fd19c3b992debce872b7b8aefb82c3b6753a26590	句安	コウアン
10123	02098760b4a23b46e1e6a5484f8f74da15f93ad0787e000f17d3c5398d95ac71	5bdbcc55e455aeaf689a1f098b8b72be294a0c27af635bfe24c280ce2cbd649d	句扶	コウフ
10124	b84c45e4e75bb2d162f92f2627d5e8875631274f0eb62bcc2c182dd7a945a662	3c504ceacbc2292194380ec29976d3eb6f44a73b597480b4355e24249ac5f126	史渙	シカン
10125	046d845b9a79d6f8cc6377a56050b2b98875d686a76c1bd65179204176873608	f4c15fc62ae51f2a22ad11aa7d309e0802e907e3f84cef87086e45c60fb0a0d5	史蹟	シセキ
10126	512643590e94c2a21fa66eaec9d70c69a9bef737a3c124125da3494b288edee6	6a9c6133999767950d6183279bd1cf6b9b3520ebf33a852f765ce557bbb0c29c	司馬伷	シバチュウ
10127	a905aa190ad14e4025b4f8ef40c0b7fd2184d46b150f10d86cebe5ebe5f0198e	a5d354a6fcc9a36525a5d2e3164267b8dacb830ca5989749e075e43706e9fdac	司馬孚	シバフ
10128	81acd72870b669f3c89d5a38163e8c9e13f6278d2aad2071fd9ee2e9d609fa87	166066a092f221070babbfc9c7cce3d5b6c68e97c24f77420131578e8fc6c8dd	司馬師	シバシ
10129	b18b748fbd66a2482488dd5114b13e231902089f546f4817913d5770c3115b42	03f86944a2f417210526a5fe0dde1ba8d73a7d006375ff85d8a91d05a618acdd	司馬懿	シバイ
10130	686fab4eae5414cfb1b0f2e3e4a44ca69a1bcb14a0835e9ca9c546b56fc66d78	b606319646c2da128cbf8171cb4026d23c18056a711ef6e36b97c4fc11497a0d	司馬攸	シバユウ
10131	e140ff22d4389676383f62fd994c02c5e6633c537d2484fae6bb2ca03a4b08af	8311dceae1750367906618a653f8e8d763498b04551bf8fe1e7916b6e5b6964f	司馬昭	シバショウ
10132	574af9c4c408570a12b54f83d7a32f7751c1e17b7bf95b3956d6450ac9bb87be	a1bd7945ffea287c4d83c3dbbda78be905499ab53d73f872a7728143a2f88d30	司馬朗	シバロウ
10133	1797a5423441f25cdd06a77863fc9cf9b6c890b280e19abe9cbfb5af43c12f3e	5e49b157c5cc496db8c366a38c396fba20ed6bb1c1d0d385029e57a4e68f818c	司馬望	シバボウ
10134	32c9723dc91940607af8f15a4289b2dd9361139fb30e11ad272fabdd937b721d	ad03d3f0548549f96b9d210aa1465b05243be118a866b118976181b2f1d208da	司馬炎	シバエン
10135	c33fd988e49738f83f1fc4a1b9a5f012ece306923b2dd5982d27317f7f22e2ea	b0d57f16948dfd08ca312a28e7e4352f414173451217641d70da324386b24a06	司馬芝	シバシ
10136	57003581592feb76ed90c3deea9cbfa842aaed13f295a50697901fe6715103db	def9ef5a90cf48e31e2640be3daa5761089988d38c872f4d585b53e41d7c843c	向寵	ショウチョウ
10137	9bed17cc8c9563ba394a0ecf31a2320b0976b7dbec51eb42ab413c10117c3ff7	71c1a562ec8f2fdd4b3989286ad8a3feb79cbc318a20ece318aeb0f5343a6d13	向朗	ショウロウ
10138	5629f10c06b05bd7580bfea4c63e3939e382350b95cb1e57aeb3ebfc57e9b6bc	1f9c07e88e40a13dce7cf8c8d9d9eeef142c6c4415c7b862bf3c42f0fc8055f7	吾彦	ゴゲン
10139	80c7899dca73bd3687d0bdec1319737706864e616d2277de6018aa95e6549c13	4fe264163274d0e09e7a4edf596d7a109e1026c995ecc6134d8b5314e4a0f115	吾粲	ゴサン
10140	4ca6039a2af3a2e5d9d141cad99caf8878a0d8940ee972a202766172003a926b	9bbb3285e4b3137700bab707bcea5a49190c08bbd7696f690c4627c8e2eac328	呂乂	リョガイ
10141	c81230e3e5e26190c788ba320d2ead15546f6b5eaf0cef987e7167b12293430d	84c49cff3e5333733e19a2759d5d91b79128e0345847c96851e4de241ed5d11b	呂公	リョコウ
10142	d07d36939f44566095884ae1a372d9e7ee2a3590671eb64f7d44fbf49bd43572	56bb91d609fe0a1ac338364e187c792f37e7c1df2fac58987210eb1cf180e264	呂凱	リョガイ
10143	3a7a89a5356c42337f50b48a84331a54f383d2155cc7c8597f3d6f367989a066	b368eff1c5f0930770e75c190414931cb7fb0c04bea1378ac094e7e39601f50a	呂壱	リョイツ
10144	d810dd5bd827448d9d6f9bbd53fb16911dee217c12de37d6af99a263266cb757	e1b7881e0e0a25636da99e8c486606ad9eb5f7e5346b148948176e1d4278ac28	呂威璜	リョイコウ
10145	1ca893a7941e33a1ff82b71b289123086242b10acf3009a95e588d08054bb29a	9f28326a8eb8db7bf067f6453de4c78feb9dfe22a6215de7a6cb7e3ba59401ab	呂岱	リョタイ
10146	e423243ead7a6f89ce72d54f41c03ac1d8e67d7d54f06fe2b98753fc39ebd3d3	515247e6e5c8a936ef75400b8e6a63cde3fe28316a215ddcd08f02106f32eaf5	呂布	リョフ
10147	df7dd808f1c66bca86a6e1c2d74a4587456328d5c122e2185ce4e718ecd95b08	742317666d18176e164e4939d4208681691485469e67c5f660e13abb266072a0	呂建	リョケン
10148	c214c7d1ad06a2661b5993b7ca2682a8369400db59d8bbd3508a67f45e0420e1	603f8b4edabb5385f5002265d35dbfd4610b046834ede6e966db3c4a3ace67f6	呂拠	リョキョ
10149	49da3063edb93afa8e4306b7cb83db80ac95b9e227081a01addf14c59543c042	63fca05c8d11ea19fd236fc150893d595f18fd4798c2416265ab9db5fc8372f3	呂曠	リョコウ
10150	eee2418ae7e3ce0223837e8f0c383cc269c7becbfa43b4873044d700968d97d5	33969cba906ee71394bc7a7b6db16e5a7ca1b3a46f6f28962d9ed204a2b56fa0	呂玲綺	リョレイキ
10151	ac9c64cea9c0f7a19b7ec8d8636cbba9685ba3c0728e198b4fc788530527d0a1	6d95a490de45db28940b26bcfb83394f148ac0a57725a9b9e4332048c2f44ddf	呂範	リョハン
10152	b11eaf4227f65800e8d9a6ce1cc6a1a6e90990047cc759afd96cd3ff5a968bd7	3d0894d7d6ccbaca58371f3bcf91246aa15f3f6eaed895044328cad168fd7320	呂翔	リョショウ
10153	a3e1eaf82f0cd7c6bc39027226b8a9316cc72b079de44b69af3d00db5d574a4d	4f40f60a0c3081390b0c8e1398651ad1a9fa400ed8a3f817b3a633d5cd98b2c1	呂蒙	リョモウ
10154	3578128c2eed9b9569fb54c7f937e5ae4575676d21310494f387560e69bddf58	35e152afaf61a28a0f73cb94513b5092f641128cbc453588ab46a949648571f3	呂虔	リョケン
10155	b7c29e070f9a33c0719c103c5ad7384011d31371a7ab5e4c4fc24e3406919cc5	dcca44d831a7396a1b3781edb429b3cb96276375bae73364ade56e2d4b38359f	呉匡	ゴキョウ
10156	8df0ac6a7d2b27cf1ddc3453acae2a9dbe0de34e45ce5b8093c0b1f3a2ef774b	6c1f8268d441bb82f678e68f36035791f17712f3c2fb9f305c0598f72f05da09	呉国太	ゴコクタイ
10157	318ff724733d51f22773b60daa8b6f168f962599a3944c78a22fa6a77052d1ca	8b7b63f3ff9b363c64d799fabe55b6846e13a0f6856fee7ebad1ed8fdcaa3f1f	呉巨	ゴキョ
10158	cb1f4105b8f2a04ac4fefa0dcc639159ff0960c431495d5ce8ae18d4cce5edc9	b63ed35ecf49eb56ffb2057c4a5cbf0ee44442f2d8d7c0f7ac17b7dd1082e057	呉懿	ゴイ
10159	e43456a6def5d1de86abea22b94e7e0ccfc582e0f5de40f00d10bf09bfa8d86a	5dfa895805328729c7e36116bc79d2ee7ef2e208cbe368283b8d9ce922617930	呉敦	ゴトン
10160	e11dadec7e2f3e56978dcd00cd353e61d6681081ec65e33a12fc4cba14689ae8	f32d88f625f3aa9385e4ca0888ff7a1eb234537a243eda1f46e4ef8814e3830f	呉景	ゴケイ
10161	839fea4d2874d152a0fc174feb984f4e2fcbafea735ccfdde28b279aabe3ffff	2fa52562e8e35ad9e6f2c90ebc4cc426a21ad6300e23a358b6264270028b8d33	呉班	ゴハン
10162	b37d204588477a6aa8473f60552f9763ba5f34ee994281f7a3ae8aacf4f4ce5e	12fb8f0397d04c1d12f28ed41f971bdb671fce08d8465e1b30fbaafe1fba72dc	呉範	ゴハン
10163	0bb4a4d52506f11ecba5f17c5fd7534f30afe991ea01e0d3a12b45a8bbd12311	011f9aa68e5d09e32dcafb3b782a063723a88eabfdd35b266adc13a59d3e6e12	呉綱	ゴコウ
10164	aa2cdf22bedec46868cc6b778b9045073dbe808a476f0d571dd9fa998ee3f119	02a0bab6108751038027c780600fd3d602c72c8bcc879efca1fd89e088fa707d	呉蘭	ゴラン
10165	aba28349b0696c5ed490d6171ff82ca2ea156ac870403f931c11946162f6c2e3	a0200175c7d5f648d3cba3d6e0dd1138268befc18cb37471f5eeec60fbe10f82	呉質	ゴシツ
10166	8c6c00ca3f7b0da9f6971bb62ba237067a31c0dff2539bfbb88fc95eefd1dd66	93fdce85d3931188606cae196431b5dd706e495b14bc90c1c6302ba007e8c56d	周倉	シュウソウ
10167	8ad40c8c6c27856d64e7f20c15e7262da7583e419cd31706e20ef5a199329aa3	dd389429a1e91d319457a7f4ddbcaca8cce35d25897aee42c9e98dadc5b3dd1e	周喁	シュウグ
10168	2c50a3ce45dad9dccdfc7e4d2bf5c27a882da6f4ab1893e5f6380bcbee852e13	87de5b319b4928718e58b1e6265737abfd058fba4095cc9258be36725eb000c3	周善	シュウゼン
10169	aabc0d8e6cb741a0857a1bc76fdc799cafa6eb2b90ed7fb043c5d7d87b3a05f8	d057736f24296f10c20d51b801fb6e62bc4f309df3c401affee5f97c36c04971	周旨	シュウシ
10170	d42f645bb2ef809f5866f4884ab035c3b246b310c55f841c8f84ac9b03196be7	a5ed98f0ef8e274a05e808c36670028327f826734a0cd9902ecfe5e87650adba	周昂	シュウコウ
10171	11ac4f0240cc305a2d285499409129ef40c13733c049988883c647b75adfa642	206c8a002aba03ad11b78a8ebcf6d8c7a931c1eec954a8c65107f57cb5289385	周昕	シュウキン
10172	dada67272ed0a9f001328057980a8d3493329db1f59feb28433952469afa1a1e	db5f03d5552a92683bf71a331de301e60429a004f153fc2eef111909dd44547f	周朝	シュウチョウ
10173	ace4415fbc457584d152ac22a4ea947fd404fac8814304d98b1d38a489ab6a3f	65ce67bca43446f21893aa761cfce87fc0fe2691670223950fa174ae7a0fc9ac	周泰	シュウタイ
10174	9a1d4029ab0a4f94b0b4cd33f59bd1577c3e8323c02eccc18860d41e676bc943	dff0bb087f91e538aa6a7de261d26e1fb30e135948d10a198b104fbf348dce65	周瑜	シュウユ
10175	94821e60d6f191f23226d0991f961772de5a180e76e686867b4199b9a6360416	37e70c85fa830132c8a6c95d329a4df697f310e7921465c7c5e6fb2c456e8127	周羣	シュウグン
10176	55c62ae7ccadc70d3e9cbf410ac37fd0bebe37d4e743301889ab4b9cc217e3b0	503bf92504d3a7fa9a123f308428c95f7d7ea5d7c85e94c22da2e9fe926f3508	周胤	シュウイン
10177	d569fba284d10cde3e4ce9d2e4ed0dee2d882f7ae354f4f3525bb10344cda34a	91f9eeb540e97693739753f85ce4338c130ff0fb4a9e047686f7b7c89cd48748	周邵	シュウショウ
10178	07d40b2735d97f717a9d6527b08f5150022af0d8cb01f1d2c8c35003ad8c87ab	dedd866f17ac26af3be25be87d7cd4a2b0f862deba582889e84dfa1e4e5e9580	周魴	シュウホウ
10179	b350800df6604936301628bef4562ecf06adf77afa76bd5b4d07806c5ff939c7	839a201204350cedc0c1dee3600240aa7a6d6a648125ed45882ae77322e724eb	呼廚泉	コチュウセン
10180	f1c686c40d54d7bc3ce67df26680d126151d540130c03a568cc26bae48c22552	910a1f04e4a863991e8848b481f290b769d659803e4136e6042fa82515bee77f	唐咨	トウシ
10181	955b466a85d8c257da87eb6bdb3b36b523f2b7d1500c3901335b6e768de3337e	ae2b630e0a5a82c8141c826d1277434263d4e699e20fef25d91fcffb8d358354	唐彬	トウヒン
10182	9300248f20ed03e8be4de4528fce53761075e2e052ce3a32962e91a6e9061bae	3191a257346c21727052df24b1b1c8b0f06c4f54a3c24ff81288a3337f46ac05	国淵	コクエン
10183	91b5434f5033ffd460e7e069e97d2e779b08be5ca4e2684cc41a26d43e1a4068	f7c541cd8cf15b10f0c0a84558b397e5fe437ac73535eb4efaf7c370293976d9	土安	ドアン
10184	04a278c97aa73f35fcacceeaafa6b83ab002e657be134608c1daefe984459185	8c53bd5124cd36c92b66ff4b21b563f6940efd6162d23fde8879c545ca75e4f0	士匡	シキョウ
10185	e32c7ad74768be7db1873301ab2d5227dc2d076c17dce69ea63afe9f31740b51	f75e850e3661e5f558eef7d95d713bf814dd7d7cb4cdc76a638b7b4828930b02	士壱	シイツ
10186	3e4b395d6a94c797e0a61bc4ed9940d6f47af9debfef40b8707545b6778315ce	1d5bfd52dfa85b1a03dc1039623e2ac3e80593239baa97bf93a0cf1173b1c1a0	士孫瑞	シソンズイ
10187	80c232079f82da4b7cc46416c7b59a3f131d4e3e53099a9b611d8800bcf567d1	258ec336bdfbfe27ebbb03a5eddddadcc21a6cdb2df07f21113abd630b2dfdf6	士廞	シキン
10188	18471346741e2b486d14ce1a21c9e1d26a73c11e7b26a1d920407df43511887f	0fc4300fff22e97974a3da4e830e34f87f7cc9cba56699ce88bcccf3ca66c8e4	士徽	シキ
10189	144b6f32b98da96c8ef49c8b87ce701c97af4f8430d240fd9250d33261989427	b77014546235772e24ff6665f50b87985d074eaf2b1443225d75354f6174a3be	士武	シブ
10190	4a99f4f1bcbd2c42149740663daecba182cd56715410661f4aae136066e387aa	8ea08bcf63fc859434bee2ccaa009a53d95de86f36aa892b229c7b474720c3eb	士燮	シショウ
10191	bdb73018a3240beb7cbc1d4627144c01ab46b7daf571d7b237fa8f692f912c2b	cef86e59984250b5a7cfbc388029de5606e49cedf7e8634a667d97d01f1ee30e	士祗	シシ
10192	f0bf7b616801f418271f5e7180a1c489e74d9198e65d57d84e7875733c4f9f04	210fe7d44f7945964ec99216804db490faa6f69ac6a0a26c7996948c7231b4af	夏侯令女	カコウレイジョ
10193	3f8f65e8620d911e52bbfd57aff2e56a58189b88f5ec7aec2eb381158b982346	32eb7e73ea42f57c0c47b7ce18bf71fd6b617fe7f01b5a2db4b48fe8ed73e22e	夏侯儒	カコウジュ
10194	c78a19f4b958412e8ad4850772a90c5abe1755af7fb7381e1611fccb53026fe0	9613a770e2b7940e622cc9424a8428dcc40f145cdc885794d99ffe6cdf0d9aaf	夏侯和	カコウカ
10195	fed9e055722283c4cf561d8f7f6ae0edf1bf7f25a27c4aa650b37f28e0d89a7f	05fb7bc4c434e580f36e7ecf80a8a546c4baeda2e11cc23491dedff638ac6203	夏侯威	カコウイ
10196	2a979dc2d712d4a1becd0b432d998c0ebb4362bde50b3c2405051557a6a114ef	1f5c23355e7cfdffffec0ab517ed2619d3c63fde5d66d6147e143df53b07f613	夏侯尚	カコウショウ
10197	b0a780c5900db6b55f1f1656c1ec3115abce8e3d991da39eab342fbc6ce781da	007560d1d236b8d86c66bb85f26c153fa96b4c3d7d9f505e203408d4aaf34cd1	夏侯徳	カコウトク
10198	f8b306bf8f99ac1584285726d77af6138f93ca34768b8025d306720a5f47b956	b04e5a63986965bb3be2353135d6a2c6839b944e647ac4f498effd9aeb175ae8	夏侯恩	カコウオン
10199	54378f8ccbe348354ef5dd4422d2419e3b5dd2d7173791466f993312977c01b7	9ab88b50b6b2c720ef4ca3ed682f082b433a2c86bac2031f23d5c817f21ada75	夏侯恵	カコウケイ
10200	9be2e2453fc6e4e7e8dcd89a270762a67d4cbf582b063f449492c265dd6ce0fc	f48c929140e484c65801ef1df89b54833643da3587a824cebdfbf98382e85514	夏侯惇	カコウトン
10201	4a93b7ce95742807bd9117e5ba5b72d6bb33d4c54b043397ae34bdfe4a81e7d3	676365b92ec5a9556b2631c5c1b2e28ef988a72d249d50f1680fdc7a18549349	夏侯栄	カコウエイ
10202	03096237d6d14936c3d10994da220e132e851795bf09826874b46a320359c779	cbe14911abc50dc53d831eeab89447448699ce3b921f8b9d966b70b46c046f89	夏侯楙	カコウボウ
10203	b5722ea7dd16beaac967d34a9daea1fd197145f9e5c5156684eb568580bb27bd	f577120d8be046f6dd2999059df7cca95b2183efaa592859b9e29ec35bddce58	夏侯氏	カコウシ
10204	38aa2c0becc1dada41ad8269ab6f92872339ba8a3d4de21cbdd83f6009801471	7def0a2ed9deba1ec4c1a5af8f4aba7bf9bc21a2e083480d674dc32cc0bef4a4	夏侯淵	カコウエン
10205	f6e6c9290aa1e23c18b5e3d7134e4bd0ce206fdcc043cb30c113a5bdfd463519	00771eae525e605d6f001cd1a1ed7211701a7dc5e9913ce876f89ab930e5b97d	夏侯献	カコウケン
10206	2e470545c33b6a4c8de502b21b200421a1a365df1b77028fef39522f26a00a40	86e4f9bb410bca8a3a81f2c95398cc3ce0b405c28eb40ab1125b865b5e59b4f7	夏侯玄	カコウゲン
10207	7f6c73f5f7ece3f5ee0c09325d480f7e4632be0e6c381086f2501704b66c809f	7a4235e9977ded9547f768cfae6ae5b8cd4f4e5d42fef6b449991a2ea6e905af	夏侯蘭	カコウラン
10208	93a1eb063cf35b2b6fb5e34b1fd720c0c9e0d631506fd94baad50bfe05515a19	8324155c718f81149439bcbdb7200e20da4ce8097889e34ee7da6269a87140b4	夏侯覇	カコウハ
10209	7bb07f9818beb28b444738558e0655a00e13fd932babba0d77fd30f5651d1270	8c45f8d36fadb8bd152cd1dc8b6f16d3829d57d82303cf97920b9b3447638c2b	大喬	ダイキョウ
10210	ab995027e1c139824e9b7761009861be8a5e5fcc7a3e155bdf89bf40d14fa65c	3aaf15da90bed2800968ce602fd1a3378094f8685c657406ae940631f594335f	太史享	タイシキョウ
10211	173b0eee97fe39c3cbbc7e3addf5fd55b30f7a6f496ca6ddf419c4901b9fe372	53994d180cd7ac569d294912090f4d59930bb52c9358666604979551a2091645	太史慈	タイシジ
10212	94c84c1f40adadafedf5a20262e0e88f2a6815917b258e878621d25f604ae03a	185d7f5853ccf262f4dade342043d9de1d9eaa3d62fde74f9d2b3cbb0a193618	奚泥	ケイデイ
10213	3191d7c656b19b34cf592c9649b01ab8141c8b5e935217afb6bbe5d77c622559	8cf4db4e66d1abde793ba5cb396480c8e55e24895aac9a9f341c707c2a61d864	姚伷	ヨウチュウ
10214	869655cdf3c042f40078d73d0e240cea8ad545a7c48954614abe5e626f928188	274d6e3b8a9a5b673aa32b161d104d92d18df3699b46c1adf20a3813b54bebfb	姜叙	キョウジョ
10215	75aa2dc4f67b5b9740a8d26d615d8e7ea5748e51ab86783874abfbb8e3d385d0	3504f1386c428383a5bea35bec41633c14dcac2e7195e52322f6e6cdd9540c58	姜維	キョウイ
10216	dd31b324eef5b2867df6179699c3e9d6e875ee5da0368718ad47c0be3e7f3725	d2bbe30f6f25aeebea6407125a724898e59f34f37e054f39ca5b8a95118c3aa5	婁圭	ロウケイ
10217	a99dc194a6f3fdcf6adec13c4c1cc19d64be866c16108164858cda97f4467c23	a9766bb23e539bee3e246f16d681303fd260c0f19a5c6c45ba2c018f523558e7	媯覽	キラン
10218	c96ce9c88e3c2285a06ba45c5007a387befb4d035851083e52db981802f294fc	cee438c45e2b25eabc2ec879d59d997a1b2f38d0a25dbd08073c1d7e6645029a	孔伷	コウチュウ
10219	33d006dc41d690b101a024fe98c4e9e0f27c96569ecf6311e11c25917bb03519	11c706a1041826b435f08f883819551cecff41090615987bec1cc1219377dddc	孔融	コウユウ
10220	1d49be6ed2ed4e888dd36a87bed1465ca2555dde02768765c38a1a5af9221d2a	5f8ac4fc9f529b77525dcb5776ecef292d2bd50c65e96f61417cccfdd6ea7441	孟優	モウユウ
10221	3df2755850158fa21943f65dd689f7cd7bb701ba27f32ca075ca66e660c37eec	b523937bf9573be6653b3a14cb2fac70e71a2c9d3099b6978c1f1a76e2ca074b	孟光	モウコウ
10222	fb531b4a62508ff272349dfe8623c432c76784b0ee4085698da06d7890bd7cfa	0b2332f48c4e0b754b6d75e0935f212fac025ab592e1ed852e085cd0b390fb3b	孟宗	モウソウ
10223	c78069609ee2ed4cf17d5ffa9f2d1a5cb2164e67d02ea08a29a7c59193c69837	1dc2e68f12ce09d7156fca2db83581b15eec9bb9ceb18004a82d5d4b312f7365	孟建	モウケン
10224	55c9c02cf64d3597c7ab1efe4f17b2e3c7fb9d14dbd9a7ba94acf3c7916286a0	ec7b83665b28b4d9e06583b1d1081f1774e573890a69f30148b1741ab100dc8a	孟獲	モウカク
10225	8e6ece8e34e317d4d12b07d8866c44ddbcac713b163444778576a82cafccfb4e	df8f44dadd3c3cf1eea371600a91972c5c77ee0be5baf49a01cc24dee3adc407	孟達	モウタツ
10226	e02f211bfd553848d1decb798604f444ac081e252170c2bc9a82e1425849b3b2	cfced4ae877c467a9d9dcad90dd4e39f4a69f6f3f301e63a6c5de518f0687ad7	季雍	キヨウ
10227	2d93cbaaa96be02d4015a9b024eadfdf8480c8445a4a18fc74d329e0fa654253	30ca4d697ad99409cc038318e652e0e09af1795abf20ed790c252661e3a701eb	孫乾	ソンケン
10228	bf50568e9dd2d17c02fe56f80ef7b9199bc677888df3fe51c1d1ed0f9250f3c6	67800664cb86d7496127d8d44bc7957331583458ecc9e846507aa99368d96d66	孫亮	ソンリョウ
10229	ba9833ff5faaf0214300645adfa700df49d7edc44f6fbe3b7898ecbda308b453	461cf3af07583cd9751361703b61bbf883050c55a8bddf3b762baba5e982f88f	孫仲	ソンチュウ
10230	cf732705c991981c3de8763a41c16d3f6df529721a89e2a0680d2368193694d4	46e9e2d3f56a14db58a7ee16acbc6c9c4b35d04dbe5408fcd1de889f3056ca11	孫休	ソンキュウ
10231	7911dc71ac7e68ba2ba32587376c9aa38e6bdc196135ea8015367715edd7014b	b9a0b5159155d02383d41720ad0e77f7b55fce4e2d84a501dd04b59203c8e60a	孫冀	ソンキ
10232	47ab39cfe06868a80fdebdc4227863afe99a5f93f7c58da0528e1eaf833f28ec	65a6481ca9ce318981826267064a1ab2e0f5ce3346f403570a7b901fd4813d28	孫匡	ソンキョウ
10233	e7405b52fc6712eede24b31a367c8487296daaf27430332b99cf6edf9b4ea8bc	10315097e758e055eb6b43c88b76063b30a85e5c912a06d267a0299930ecdd6b	孫和	ソンカ
10234	bd640400d940104cfc47ec72288d68ff2408e61c6f6ab4e73c7dd404446427c5	c277fabbcb8aea7e9bcd69251c125dafb80fec03d752664c53ad50e60931e379	孫堅	ソンケン
10235	75dc512145507f26263a0e05f9dacb9af8cb88daa25ccfeb9d306c8f3f05909b	217841e34acddc9f4a0a8bf0bbc57d8d1809cca4e807c5dbd779a9fdb7975ba1	孫壱	ソンイツ
10236	e4f0d7acd65e08bd562b8210df252fd551c0d7db07751ca126f397b54e527f9b	2e2a17e19bcb23aea95de72ae2c5ac5e511e04d9d890cd87bc0b84abc64a5c71	孫奐	ソンカン
10237	bf5baa1d0e3e7ce953993bdb2f7afa9009154a2a31897c26eafca4ba69c6074b	c7f7ca45573fd5b52533545e56194d587c7360e238f57cb58582d2c115954697	孫奮	ソンフン
10238	c4a4d55e196afa7171144381cb9a1a5d25a172643fd165f6a9378dc5fb97d3a7	6315844af87b46b8b6435848551eb3624e31fa9d3084e669738dd3d230cbe9d3	孫尚香	ソンショウコウ
10239	f0fba671db83f98118a823050983d1a0aeb80a49b9e55689128c408b7015bb7d	4365ef353691d80a0e3451e8473a1464166b66968023da332546183ce418b830	孫峻	ソンシュン
10240	a4a988364bf8de85128b1c3c52c4b9c3c7101348e9e8c2f8f470c6f01318ddde	c78048a98253ece077bf9a462843cba6c0b0dece65427535b257082ab70d44e4	孫弘	ソンコウ
10241	6c26d512146f1c8c3a769ededc1902b2651a297718b3b616a0b7e1b9ca3c651f	07770477ca46973eccee2878038c2d3f6042218836670e975f8f3393e84d69d6	孫慮	ソンリョ
10242	9a54de62da79f6b8ec1d77546e7d87592b9fcb76ec12e9afd45dfc10b63a0a17	0cea0f2329ae2585cc74c743d5a10fd8d354d0c72deabd9fe276390bc8008708	孫晧	ソンコウ
10243	786cc9ddfa7a9f7b08bbc02d0466ba21f7ead4b10ba67d75a3b7c6b3c4d4e3de	8bf4732c24af7859b9df892768952a80cfa8c63b8dc7d35c956abf09f2b20f34	孫朗	ソンロウ
10244	96a2b52c51b19ac08a43b9b8217ccdb31847becee5a2f339b8c4edcae53906cd	b8903d57532d8b00dd159a14543ae59cc4330b96678518a9531d7c6b162bdca3	孫松	ソンショウ
10245	f05142328673483217e82752458d3337761001927027952f27a61cf9774f0e2e	f1ba8c5884d39597c459d3d68d5641f40ad8ae53ffcae9c0b3b50bae85be05c5	孫桓	ソンカン
10246	3529bcc8345fd37af11c17f715c22ddbfcc0019817cea57176d8a74288a90f1f	0cb9c16672b357780fab6859268ed5625cbdc989f7c4ff489f211fd9a2f94ac3	孫権	ソンケン
10247	71346d0d727dfce79c5eda40258138c8579f798eaa068853759c06e9597b4d32	14026e1ca277c275b5208a36b0d1d16ebf36ae09a64dd3220630f354ee5f005c	孫歆	ソンキン
10248	f55f257d7a88c480d238dabd54b777809c39c43161d5df30d165ef42001e0c8e	92b73c2dcf1da8f8895697f178f64723a6dc5a2d2e744e254f4f6eb94acfee42	孫氏	ソンシ
10249	f5cefcaff2f5ef53eaa416b196b1845144ae412d4957da4d73cbdbcba94ec271	1fc0e478261319aad645d6151a360204edf56fe93edbcf7d71c4c135b4a0c8de	孫河	ソンカ
10250	ff52cbb871b37b6fc7a18e5e85abbf824b50da146956a459415ac8c367926c1c	68f15118ee8a18247d5a2c776b0c4ba49fe515ae6cedc1d438386a7ec7a505e2	孫瑜	ソンユ
10251	b0492ae976b4f03560b5054497012953cc31d7fe9680bf86acfe06653ccbaf51	99b56ca74415917720b56a17e8a7fca64ce849f14012ffd83e9b6216f8fb05f4	孫異	ソンイ
10252	d678b5819eefec239844b540800af0b217798a92180e0ab419aa663bb68025f7	a0a8b2a133f0a5966ff1b271e9152d71ce2867689f5f59c2b629900c29bfff0f	孫登	ソントウ
10253	427133b28779b20485d283da8b0d00b556fb6b0200cf77b4d69d86b8ecd53050	40a7d58aa857372b79c263e3a0adcd132f18f2cb6ee85a23d890c02cee262ed2	孫皎	ソンコウ
10254	bfa5b1efe1d4f55168c835accb7dc970973498b366c4f03a65339e349071701d	e9a80da10877ff07de66471853a6c41acc292c60ac9a918ac683982a79bac961	孫礼	ソンレイ
10255	6d8fa1a2c333f2aa041da5bf53f658abe7fae782683c9b00abde6cac904638ae	738141a9dfa2049291827d4c206d8740391cec93998ebb23998c2e1a68c950e0	孫秀	ソンシュウ
10256	734f2e23a09c894c6eae6d9bcdf2de064fb9f0a74ef8fc9b1ef3b0af57fb2ab4	9d12041d592411cd55023b6328df05af3637af7a611922cb674daaea565fb452	孫策	ソンサク
10257	db80e72b91d214f98ab4ff44363283a7c846d478323c356054660d54a4647a86	a378a72603433588a4c329467de28deda10cae46a9230d2d75a8705f806fa755	孫綝	ソンチン
10258	4d75995282f7ec5c7363762b17a997e74ac12750d55c6a5f657845b3128e1ae9	00f4199c0174ce222b26df9b0ac3980e440ceff5d27fd52928b9769669889da4	孫翊	ソンヨク
10259	63c1c424636cd7a1614ce58ac864ea4d517030a3ee625e7939e5fe3bc05a79ba	254c2fdad0b4a989c54292183d5b4ecaa069f32ddec04aa8d6205b30d206bc16	孫覇	ソンハ
10260	bc564ea6d16425f3c1edea73df15b12d173d94df85973eddc7b6a24fae582c09	190df8068154f5028e763b35989eb68b0a280204c0a3698250ed96641bc4015e	孫観	ソンカン
10261	273532acd3eb7fc9c3c4247a077c08571dc4befbf2ab7496ea9211d8dc8dd0cf	e319520d89a9cdd29d175a845d37694f37b620a405aa6edccb648b28a10d75a2	孫賁	ソンフン
10262	2773afb4d563891543e877a664963fddb1f412f48636de21bd38050a833e3766	da65e4dceb45f9d8c1cff0d80382904aaa30b1961811eb70afb3411f50746371	孫資	ソンシ
10263	4280e9c0151feb406f043e87ee2d5f8397d88a4fa170cbc08793c21bb9836eab	2d3058e3c61a7a706dd84a333ea2ccca10d46ae0613fa964f97133086768f67f	孫輔	ソンホ
10264	6faa3312f05cc086847fda9a489042b3fe4daa4721949b7a847a2fa4bb157837	96ed28d88d9cfe3c82cf06aab61590d828770260439d83f9ae42bf335358b2ca	孫邵	ソンショウ
10265	f288a82a14877b152346393ea71e4641a63cbf2c4b5ed5daa9fec305acf48abe	e7f59efa574842727b8f31d81fc0b2057464d09a4dcd6f447bfe5f8ffcbfa266	孫震	ソンシン
10266	dfc221dda8ee72c9c836061f79309b5cc1cab6ff881978bd29c34f273021addc	aec3dd3d23f4ff283f279d54a1c052008617b3804cc3e909e528f73ba6d57d76	孫静	ソンセイ
10267	299bd3d1ad00cb17e4777be01b2fcea23a52cafb4dbec3e949e962f3e4ee0b7d	028f31cb6c8e399d4357808efe9c8afc160e67b3d6e2fda144c398237814c7e9	孫韶	ソンショウ
10268	afdbcf04bf3b7a6f630b39bb32db467b1fa24cf5506db000fdc90c7df25f3e1e	5060469f91430391076b9d86378f704ac79fc2bdbc9ea945cd6148d48a0115c6	孫魯班	ソンロハン
10269	6038470074c0fd25b9bdf7e160b9899c6e713a88825d7675a55c74e4833c7cc9	5f83a4da6512491ba12675875ea8c8c568072499a62ec44337cd94944e4fa2de	孫魯育	ソンロイク
10270	a89d27dd9c043afdaf11a994376c8420353573b8187e7d0511c4770b09e8013f	abf3760d82236fa8e4aa54d62f9ad6cb4fc8decd508e6b895f4fa63948ea04d6	宋忠	ソウチュウ
10271	70256669f93335318bebe67296ba40d929da201f0d91f3a1b79d13a1fc5b9837	5eb1aba14b2d2e871dd8e86e3e9eab4acbf49f67c7223dbc181af276b7533856	宋憲	ソウケン
10272	2690d405425b86a202d5c07044573bb16e9b2e9481151b5193c9a5596d4b2ff5	5eb54b2edee8f4b86010ba51d10eda3a9fe45464d93f9f9e170b8203a0be6ae1	宋謙	ソウケン
10273	92d7848d5a92e6d0feab85edea94c5ec72f2c098d0c296f7eef05c3f5024560e	b9c70ba9b76f648e3f9fa99e69fafb69e96ef7013aa0299d563fa66ece54ba4b	宗預	ソウヨ
10274	3e083daadb442f8f967b4dbcb51ae9debce8a711a4375b1cf14ca47798fd6c66	fa7c8b12d95946f6420fddad4a2507f69857d18cbeaee77165d94d2daaa46201	審栄	シンエイ
10275	b44e3b2914b2f5bd1abc9a575f1a088395f27fcf36957a64f0f18df25b4c61b0	efd4f3fbce3c4121e945602716d635814e18886a7e772aae11dc92fa6a1a04d6	審配	シンパイ
10276	aff2e8e6c0ad609525c1a8388df0476443c4706a2496fcc425fec94a956e0227	05dc8e09c941eb5e12c2fcb208d84e147f4eed18b7eb5ef975f44a0d3ef73c82	射堅	シャケン
10277	bacd04fc499a2ea6c4aa6abad9624b70843c02a9150e9a3c7c1c3ff95320bdd2	936eaeb17a43d1ed02de98c36a21ff78cee2778d051c0915789fffa0a3df54d9	射援	シャエン
10278	7019c55919f067be0670728187135fc8f9355a0207fa03cbc9fd77b60469e6eb	b29a10ad3f11c90d0449bb7c596320f38790161343814d30aea74b6771958e51	小喬	ショウキョウ
10279	8d251d5bbd54a46f52a9001b7ce8118fec54bdcfbccb97c8ce5410f2cce95b3f	f2b0c0d418dddbb08f65dbedad4161bd4fb95454d72438c1f77856f5ca072298	尤突	ユウトツ
10280	71b0d24a54c8d463ff783507cc8a65de3b474ce429d69994d87e18ea9ff81aa8	f369947fbd670bd79cf2d1d535b045dd8a39fd46e29093162692d3d96128caf6	尹大目	インダイモク
10281	8fbf2be3cd6b331619217e9878fb42f94f651fbc3175c8be191f758afe5af59d	76edabc513e5ff40c2e5c8cc8cc8cfec988a500c1270ddaa190333dae52250e1	尹楷	インカイ
10282	9c4efe1d34a14c33f5c658ba3b2716a701f7fed329092dd33f28c966d146637b	b4131bf9e70cc7c5797e04a4cfe3e1c3ce8d76398bc2e81c91d234c6c840d945	尹礼	インレイ
10283	a6e840e3dd42e5627e5da4d930aebcbf117d993359296a0cf835c0d63fa28357	09feaa167e6c61bfef43ff093e3558f671f9887bc209b9fa3c60eb12a8621a83	尹賞	インショウ
10284	c1e1c3766aad03749fbe3a6b23c1236ff003acbb79cd4938462c372e13c5dae5	4e760d716a636d55d62152d54c198689f09f793a83197d559513c88022415f2d	尹黙	インモク
10285	f9e1047c81346da4af573526f10e9fa054d0cf498d37df2979acd48e73f71768	10fcd134408f9f6073a4e0f9009ac264de65bc4cc29859dc351a838e88e7bfca	岑威	シンイ
10286	fe8a3a3fafa78d3157e89ba1cdf7e07a49559ff3651d17ddea3d18130166c290	28857fa070b0f4de873b213539b7fd29c8f618c8c2cc0c538db2596615d4c6d0	岑昏	シンコン
10287	d48c4998cac420f9acdd0cec6e09be5c9d4b915cf9ffc7fec9b9e988cf5ca4a3	ed496f634e4a51f230c229e08a9b36a11a56e228cdfbaa788160f886ac19d91e	崔勇	サイユウ
10288	e2092e5da0a1ae7c4fa07451a057a132c52806320655de9abea27f9a369ef098	8bb38167967d63771377d3f875d0aedbaf0b3706ded17095abb6d4719b825171	崔州平	サイシュウヘイ
10289	d4eb7b5d4f9e70b5033ef70cf9702e364f9fcdec20339b13357ae94a6828d7a5	593225b372fe57d74a060a60936562511fe9b8453cf33401cbc06b42597f721b	崔林	サイリン
10290	d1971b542c288a6968150d5b98a9736bcf7c4c8bf0086cdc540fab74f152718f	b56a679e509a15b546699508c298a9ca326f52ea7de412ec8f19d44e772c0861	崔氏	サイシ
10291	f93cd4444049f7f28eea3d46c1d12f4043a091f8cacb25cae96d24fbf6e4d456	4fdf517f627cbe0a1b64373c239210eb124b669f578960eef45d10e05ab1e5a6	崔琰	サイエン
10292	9032e4269535bc1744ada5c507348ad3637e21c0e3036739688f071738a0b434	2186054a2d88663304822659b88977911d112d99af86bc1f016fcfdcb903896c	嵆康	ケイコウ
10293	e4e420495448888b36fa3c100c63e9adb8e94e9a0e4cd82e5b73b22c2b292f14	5ac5e515631f0750ad0245ad22de84ffa75771400171e20213a013f32086a57f	州泰	シュウタイ
10294	092f93b83374151d811f521d151debd8aff4b06183167e77f7e98c458051c5f0	cbf212edbb88d1944a603600775dd0ed5f5f87bea81c03494711adb8f9ff83e3	左奕	サエキ
10295	300d8c265d765fd126864a76bc0f3bafb80b7a501bbbceb50c7c46ddc1b6da07	05b73370cc163225bc5a8657a6584dbadcc1967af635d4ee253ec065dd231843	左霊	サレイ
10296	c212a23931490f8243a258fb33ecfd2ba0b4eacd939bcc1d2f75f2413fad4a16	2cb17a69e7f2c9b8ab2f7f58657bd44f2f9ffbfbaec0b706f68998558d617350	師纂	シサン
10297	84917b34b8fe69ba8653f7f7dc0e3302c8be753fc4ff79a5d937c0d4886dd29e	d7c4c52d7e7e739113f0dfb0a1740f9a7b460918fc45ca3281c92e035a9824df	帯来洞主	タイライドウシュ
10298	7354f673a0ea3628959956a296b92489f59398dfc8cc835519e8b3eccc6ac85d	c18e8a301c1f6bed7d283b87e4991c903e330d9503aa06ad32c4dc29b76bd6f2	常林	ジョウリン
10299	d0457167483bdd531b2645145a33715eaffc05cb33be28b76edb61f5093d2a0d	0b6192574ba047033f66b1247d7aff2ff5c4413881264127f8138e4380bb3fc8	廖化	リョウカ
10300	98d399081fd3eb639457d547d5c6965877a3c40dfc2a9ec8ab2808cdd8d51082	3536344d3ece6a8ca8fe06709adc635fb61b33d2707e17f6b6b7a4d017590715	廖立	リョウリツ
10301	380ad2c546fa73c4fa6f7b27d765786b4bdbd489392caa0cc042862efef8d0ef	f9dcd645cf98fd7d48dec164854c633bead08a064b23bdcaba9c013bcf0c6514	張任	チョウジン
10302	f00b4ee5bd99caa58cf51811047ef0ee647f0fd27979b4db6e9a3c3c0967c7da	93a289d8a596f4b610a796e686e281e431d2ba60983fe1f4711b03e3e710aa7a	張休	チョウキュウ
10303	d18e2e7dfa2866d016e52afd2a6138cad64e05a20f79f803b547d3bf5751b144	6fed3a26a5b7d3c0a2f4640a59f517974371125ec674e7b68f751bfcbb7f32be	張允	チョウイン
10304	5294465acb1264521c312160b283b92419d9b7a74d0ef552579d15f42ad7fb23	fc1c81968d77abb2bb21441b0aab6d9abbf31869a937f32105ff242c60df4712	張先	チョウセン
10305	bdce98965909bbbe017665c53b4c1f9231f01536ad5c9a9baa7cf20cc964d598	94434bbbdf6348d66c32fe3b8a67b2d291fd1de718e781d1e2502e9a6dfd4c33	張勳	チョウクン
10306	d2642736c9661f2385b5f25cb100acf08dcc2aaed688607c96340b6d0bbfc2a6	59dbe392fea1af8041918aa83da4a6863fdfdc7e0854780f792a19998fbbc75f	張南	チョウナン
10307	1f82c9849957e96ca1eb3bc92ad5efc13c379fb1cbad59a050cafc4fabc3a881	61abedb6776f29d90e6da021df3c13b70f0edc398edba6c01125cdb43ea0bae6	張南	チョウナン
10308	efb51213861068cad6b2a6f9fa140318336b972cf17a1e009982bd036ef76303	b3e6f7b1b2a6ed8c0d767fba1aab4529e1d155212cb40ba2e8ea34ce452362c9	張宝	チョウホウ
10309	1d6402f698cb71ab55a4ffb6ada42e9742710887e2fa4129b4b03b4cb5a7d215	a1777f0311c465e6170ed83c737b255fd2a7b1c61cf7e2a79908dc2fa7f82751	張嶷	チョウギョク
10310	a664185d8f0a61e6caa790da2bddd1141dde82ed5b111680f5300d982990565b	26bf5f275d2aaa373e7b2f4c2fa987ea3371e2f6a1f3bb18a92cecd16794f96d	張布	チョウフ
10311	c97a7df7d2483c4dd92733e0f034fa50914794644f3bff8d41aa2f4fb638dcc4	79c09db440ba8b436e25bb1f29c6ee5accd34a2e2a24dfd43468c0b76a1f7ebb	張悌	チョウテイ
10312	c309d8cf8bdc05c85715f32818d74bf25f63f6394653e05ab347f1399978c1fd	1e0cef178bf3dd32400d9672084452de5ce7520d892e461cc8ec40daf324caf4	張承	チョウショウ
10313	9a73753e18919745a9b1a2f87ee48ffbf7907906c97b4f5e498df87651c24e62	e1977cb79ef839fa5abfa8cf5f5ea2a11fda128b239f1dfbf9721200fbf58e38	張承	チョウショウ
10314	f59acf04343042b10296967b2417e37cf81bf1eb2dd65e66c31d897c30b312d9	581444be4c0076660c5ec27a63243ef5708d1dfbbb136029497db53f1b355a63	張挙	チョウキョ
10315	961144b831ed468f8915be2927d6a83964caaff1ce1e83898ea46b4655d1a81b	75f2367373fe6b08136d62c448c1628a2fc7778133fee65697400234b93b5b83	張既	チョウキ
10316	335dea9b6bd9b03b6035da37804fd80291d24ca11b57b1342097ba6e4f6b749a	956b951a9908cd09e442be560b0a77384a368516046b105697d9aff8971465ab	張昌蒲	チョウショウボ
10317	1e1626cf9ad5f2bc5520ee9937f5616002411c39824bd983e3637136b1deab13	7d743574566de6759ea7213aa9caf9d57fbccdeb25d5211934ff9e3ee3ac2c81	張春華	チョウシュンカ
10318	7686b069dcaa13b58eb38a4b27c5bf7e90d1a8344b6c18a98298bc98fbf55d13	a0b8dc06525e301fce0b2dcc089b366f313485757bcb32ccfe0f2ad90f749570	張昭	チョウショウ
10319	16732eef5ed8a75442baa344257d84f1363e699eacc7315af2578c05f0cea9bb	3c782a14d63f9579c82e64eff76d3a28e88bca6c9ed5811155ffd845357ea2b2	張曼成	チョウマンセイ
10320	4abb8db5b0771e761f27c412a54902b124f0cfc76408af23894cc44833956324	140d5bf3d216dbf250366376326a7d62fbf8696f7492f524c2bda0abd452f57d	張松	チョウショウ
10321	64437e26a47eebd9fb78d8451390dbad269964f789b64a63376bd3f9f720acc0	5bfe12d2408182ac4659c8906b9a4410c4dacb4d85cecd80f651b39d000f988f	張梁	チョウリョウ
10322	8f71a0391712c8f7f5f4dd6f476f113391a61d677907dd0972c14321442a4655	1f6458fe415b1c6d0ce8d32632b7132a6247be9bcee4e9de29d5873c9bacfb5a	張楊	チョウヨウ
10323	d4a02016ab5e7eab4aa139b74334456988945188421535810e4d6757b3df6d68	112616f7ad7fa7d9fec8d7db157ada3aace64d51f470bff245b984a44b082917	張横	チョウオウ
10324	3e8b0f1b5988ea5dd7292eb7dd07910f50a06ea457f25ddc0c7c8cf65f74747b	d2adebc5877fde1f40c6b5ad34e0e74b39aea0dff86fb84013f133238fd518aa	張氏	チョウシ
10325	bc244b2d7dbfb692111a5785d30bcc68b7713c8142f6a8e7bc600e1e9a25e3b2	caebd4abd53b3be01a44d8b866ca088dd59908b220ee269cad7efbbc2efd2338	張泉	チョウセン
10326	4e453f31fb592ed521d756c2db183bc98b1e0fac975a4c73e81b5d9a1bef6ac1	af2339ad4736767109aaf4c811012f1b5a669e2e7930f1521f39ad270ea269e3	張済	チョウセイ
10327	1e3f76564e16df8c105480c003c27d37c63573b13be2d44ecc7d97be3813c45d	27041244c5ce2df08e9a4e8134582e68d75d1ad8edb7d3a62206b11e2ecc3c6a	張温	チョウオン
10328	b30477299c73f710810e8a8546ea9cb303ea7ce7c3ba01154b55cd439beda1be	5e7c98bdd58dd080918d840cd1e0f3594f2222a6ac2a186ded89487470e9df5b	張燕	チョウエン
10329	b4bad91e964d0711fe54ec867f38c607be35bcd4a4c8848f516309ef962c57d0	a01b9e5034b5e9b23d0c6a86eea8c2ee578dd7a97721e064d7287a1c9c904cd7	張特	チョウトク
10330	362ad790349aacecd06d718b65c1dce520c483080e97963df1fb315704eabd8e	8ecab74144d91eb7a23530fc9312cffa92f2b22b34997879168add3f39d0fa3f	張球	チョウキュウ
10331	a2f0430b8a56d8d8765d82ae4ac7dd557c51e2cefaa380ad2d71d27a25376926	ac2d03bb8e551279d61cc6023f512db6d8c8bf6176b13736ea2e2480393cbbfb	張琰	チョウエン
10332	fc1485b8489c72c208ae44e3641d414db2dccab017628e3ef815c8823ae5eed7	6847f01dba64edd4f6182ce6d2e2e248c8adc1db762aefd76b5f2d715ea88f92	張範	チョウハン
10333	5d38b3f531bc11af7276eeaf580beb316b88a0badc1c83bb320b70caa1e12fec	9bb0b9316ea20cd4195d6d96f71dc2f5b92ffd1c891b6980986a82eb53f7e978	張粛	チョウシュク
10334	a0b16d69b6c5bcaaa41d13f78a2e41156d3a7a3616b550a2d5abed7e9a51baac	9b3af7a15a1907632ec9dc3a077fa84187621272d52501b59b2b5db8a2983b21	張純	チョウジュン
10335	4734e02fe0e91d74bac156d353dd3c7817574529886a968f74e3336782ecef81	505e5b7a4d08d28dfa5a4ded9cfd9411c5a70f61cc3c317688834ee999b23450	張紘	チョウコウ
10336	9dc895976e5a9a2234f4faccb4379f3d0ac1f96b5bea529203b856de571c8963	8c4a687b2c7cf079776f8525bbb7176ddd390210606d29573ac8c9d3c27fa9fc	張紹	チョウショウ
10337	2fea5ad9914fc9b93d1b4eb1b0f11bd62dfcbf91d83484d141f5b6aaaadb70ad	84702303c37d0ebf64a71779e79eec6a36e3a161ee938a808ef3ed12c5fde074	張緝	チョウシュウ
10338	acf20644542eb06662bc3a1eaa9d532e5f53b333b214fce33905e6a18a012038	ef1ff33e078183874c549d51587b069e2b6003caa80ae65709d4b711886859d2	張繍	チョウシュウ
10339	95e8fb4b24c90c476ebb363215782d7c282a1923f7ac4f33364203c8e9dce910	661767e6c4cb937c61d55acef987c41f88edffef780a21ff6b2cb126ee178ec2	張羨	チョウセン
10340	7a043342d31438a7df51e5064a87e63590baa2387a5c026164d9a8749b0e2a1a	7f99ce32a0191feecc546a5594dcdf78c61b144bdff93b0b0531c7c49e937ffb	張翼	チョウヨク
10341	22e1241bd5e5505a2243f3092ab9cfac8a20a5c45cedeb97b9a9d71857acef39	35e63d11d22c261636f064cf544d6ce0f4111acaf224ae0a86223386d19cd1a2	張苞	チョウホウ
10342	61fbc5686271543613edc6007d1d2ede9bd44abaefbbd99ed567cab15262b58c	804f25461f5aea4bd8e5bef5e8e1e69a9e8b82e6f0a221293de7dec0ebae80de	張英	チョウエイ
10343	e752a6f26598c5972b0fde902d45bda21fefb2fee9c65f32d343498658c65d5d	a497f8b3c1d2cc302c6804d132537e22891c5aa9b7084140023eecfe06047496	張華	チョウカ
10344	d3a2345f20a0a90bdaaf613c90f0d28657f9c23b9fa123c56ae50332da535e63	9170d900f1fc252ba3498b2983490d21c0dd0280e312a46f72e7f88f32e39a5c	張著	チョウチョ
10345	6743c3fe80d1b4e9b1ffa98079863f629057b7e1326c79b136b21698b9a87c34	3257011fa8638fb7a3e5daf1136fc43fb20bf22aa21ad1e3a616aa6fdb48a737	張虎	チョウコ
10346	873e08346f19d396a455c24381b99aa660587759cfa74ca6eb2b645ae6856165	4ff4d88d72d60ed5b4764d69a6923a7c715feacea2c2df901da5456393b59002	張衛	チョウエイ
10347	b9b3310959551e76f9ac55095f58efe7b66361b59f69cd19712a5004863b22e7	acd356031407e21880e602c7c54f5cc985719f875f53e3c2f4e593483c1ff895	張裔	チョウエイ
10348	94e59cd6afc6d6e3a3ff5b17143decbb4242a72b4f260baf48576e906e60fb19	4c477c8805ea333cb9dc8a5faf18501450b5effbeeb988c5badd7ac2da4d9a36	張角	チョウカク
10349	fa455663ed3aa82663f7aac173383dbbd1a634aa1bb0fcb709eb64d034414456	e334bfae8849ceb4691ae2871e0fce8f49e4535eb5c92373da188570876c9936	張超	チョウチョウ
10350	24bb3f3f4ed8731c0372ef0bfbf98d32aac11f08b2ba4c86cf231526c97a8c96	80fb7fdad666e4d010aa1d801ae14230943dc76d944f491f8654d21330eff907	張達	チョウタツ
10351	bb72d11243e7aca8d0d8010e05bb1b67afd9bb734864ac7962849b6f3be68dbb	e10c613565f133f1c009baa614fb7f6bae80536a86b7ffa573b6d753892e6edc	張遵	チョウジュン
10352	861a11d3346a52235b9ef6d83b2c32cd992aee445a3f262705c92e9235963c7c	d0d1edd7105dd96acb3060665eb78542b4d903e4af725f6729b45cb87242f8bf	張遼	チョウリョウ
10353	67ff074b67785d0378f677f76d21a08f0787836917d0982532727420f69a16f7	e2012a4452c67dc0b474195b037c6b8cc5fca4e01fbd9f3c6bdcd97f9e4774ff	張邈	チョウバク
10354	0739125e0c997c85225e43755c4199da12faa2f4c0f4e1853740dc2b9ba03e0d	b6fb751679c63140517b1d1661adbe859fa060615e3852ec931f01fae5b92d21	張郃	チョウコウ
10355	84c72b91182f125fdf1facc167f221ea0d5694098c531c58709dba1154d9ee81	b843b0e5a150c14deb37df31af1d6833db89b6b4ad1f48995bcbb45b0f12672f	張闓	チョウガイ
10356	60dc412f0c066aac81d003882dc6ff90ad17684dc2e3785a7919093c4dea830c	80241b568d3d5b55e4f223ed902c4edde11f50ecd8411a7659a9516577fe038e	張顗	チョウギ
10357	43240d09e14093f08861b9d1013fffc16761aa6684bac6b2af67ec2f7abc0e6b	e3d0ac5a0c8011b92fc16faf5fc0718d720e6131eddf6c1e32a5ee55ff72227d	張飛	チョウヒ
10358	1749fe00ac60b9739391c2ec35bcfcee465652e8626b33ee880c3e41579b8f4b	87f3a9eb0d3c8c42ee668666dbda2006b1b8a01206637cf49b7f65a5b54c226d	張魯	チョウロ
10359	b38ab1008b859690a39d8894ea43a770889a24dd4e6b7ad959b3edcd09305a72	70560a90a2dc9885b4c866d82b1fd215f3c1848f4eb9f9b32286c68dcc329d46	強端	キョウタン
10360	07ada89476a377bfbd2e8471d8891e4666fe12eba11ae4a06bd9f4e1073854e4	d041ef3845a4f82014db25c80209a9d869b81de5cd30f449468d5c15d679ae10	徐商	ジョショウ
10361	9a116b87f3846ae1a9f327cdd9017d62062db3f3afe27976dcfb78fd75e95638	652fd8a87677100655551bb6a6a68343a01c7ec6c6ad950a00728eccfa228413	徐奕	ジョエキ
10362	80d8b7abb9ef53e6ed12deb01cc6048684f2c0409b0a42f78778a3485046450c	875257e58238b377dd90d8e2c56f16a2e4e8b295faf73973a85e16a421165a9b	徐宣	ジョセン
10363	78dafd48d4f3619ea7c576c27d6018979c0d77df778383f15c8e29b3af705e3f	130e5eeee193b0167fece70decd7dfb5dd1bf42f5de730aa0159fcbd196d9bcf	徐庶	ジョショ
10364	bb87bc4074b46b0cfbd833dadfba442c47e5c3fe6e25aed4aa166a0638db8ce5	b673dfcb09bc6d4a088b631c0369f8f2fb1c2bf9d60a21f133cd06bac3ee896a	徐晃	ジョコウ
10365	28d3fd1cf877165e20943269b70c480c549dea12e7dd92f1f1d576112261ee02	04fc2958a5631435a41303bb76bd1294d5cf08a9b1778723048bb96756858056	徐栄	ジョエイ
10366	4c6af18e3ad12fe6d52e078fba88c7a28410ba3ed1078eb8fcd569cd97d04bf5	74736f790e5cdc48d841953eac46c6b6f3003b6a756736f942e4261ad56ea8da	徐氏	ジョシ
10367	03806eceb0b4a9668b8eb1bab7ac77e3cb6773e2902374aedf7f54e49acd840e	72f21cbad10db1947b61dd9e7b1ecc988cf06518d15e349dae9527245a561400	徐琨	ジョコン
10368	5379a25419f1ad81cc78f53f3eebef6539f331b1681237c8d0d239084169f891	dd45fe82683e25237f458371a2f5175c1096c89d1cb099e97b279db8bf4cba61	徐璆	ジョキュウ
10369	dbc10c058f513a7bf2ca0a58761dd9b2ef1da2e01ffd8d179833b5dcef60904d	7f792df6d39ccced47eede08c87a5129fdac21ed6566140af20e60171f9d1a5b	徐盛	ジョセイ
10370	31c226fb91f3323ac7857180f45d34a5c1f96b4b457c94cc1202fe5893c9fbc9	bc719127df71bbaec89245bb20aee6b0628293cb1b6cd65b998968af2a3c8e06	徐詳	ジョショウ
10371	9b977fa359303d401304fe22a5fa045964d4b66512eecddb726075f52aa93fd1	0e9e42cc5c98929ceb030330cdf582bd781ee396b19b8f4a102b1369a4ede528	徐質	ジョシツ
10372	ef319f506507cab7b279ed72faad31c79ce7fbd95d842c92f1a6597df63bc54e	c032613518a0be4a35d7d97a933442fe78dabf73ed67f6b9a9f35125a34c9f58	徐邈	ジョバク
10373	2407d452d2c66a44f22ae9b0699cf24fc10d026642088898a41bb605b9da7c03	81f4958569ae78b8f467fae1267a7561796aaeca32df885bee09892ae02b4539	徹里吉	テツリキツ
10374	d444c078bd18db32556a138c1d290ed3792ef04d1d1bd09e21c1f136a6eda35e	65db86e0f76f071c54aaf9bc4e35b0f1b5987d0280055a60cab5f4be125b9bbd	忙牙長	ボウガチョウ
10375	d5bfc3ffd389611972c7910211d0616573ac19e01f53064b48b7823ab5375207	d6520d307adbe6325a081b4b8926e670567e0c0445d82dc025907d09e3828213	応劭	オウショウ
10376	32ef6857f695e5ae67cfab9017f04a59f5423de4b32c16a9b363a55925eb25d8	bc3aa8a5c438472cf033e1af351adf69f947e8f0d1df62bff24f77908128c693	恵衢	ケイク
10377	907690a5bf7779899237f3224c818c2da60b7c3436f231975cf61e1f988a2481	0b856b1afd6030f7483267453837e4e1dcbbf94b02c207e2a907ac2d0c30fc9e	成公英	セイコウエイ
10378	a0cf24f8b42d96f05efc978de73d94b351b48268c2e3aafa8a68c1ac70f3e54d	915c5288ad96ccfc484f003b3d38ca4121e203aa4f28f6f6d310682707ac4741	成宜	セイギ
10379	a0dc4c8eb81959ce768204fda267a1ebe538533da9c952866a81628523293eb1	fea7c7af020942bb0dcf0dba6f8558b65e544746f23ae165d84d6aa4da60a489	成廉	セイレン
10380	b780086cff2b0a58022731ea760a6b4f7fbd91c52a15d5faa4100d196a54088d	c72c1707c3fc91c219fa4b330cf09ff6149ad3d2b654e570ab57aa57ad2aa379	戯志才	ギシサイ
10381	c7330157f29019e9acd2daae84ec4415f6763c4a0379e76473dd4f17217ddd0e	e2f009becd1b1552e7fbdb3cc79cc1e954aeca83debf18d7b006d660b7d4df5e	戴員	タイウン
10382	cbb5744950d49320471a0b26358dac99b34c006c3221197c807b4469c8b766f1	ccc3bac88819258892530c671a1a560b3bcd876c32d78652e84aeec2086910a3	戴陵	タイリョウ
10383	5545038ee9345ad0f3e6ea43a3f13795c0335ef48b8a5c03af2dc1da9745a9e0	3c0f3b75688c139d6af3f0cef94c53ec01f6a27f870b7b2f3a830abe9cd2eedc	文則	ブンソク
10384	94d27e657b8a4d68b90332fdc2ecb7b84a8374515a2b783d94d5efb455fd60d8	5a86df80d8a926348fa78a05e18008d421ee2d8e91f0c9a681473416196fa1be	文欽	ブンキン
10385	b8818de850caf2e56d045ddbedfa2fb309feab78477fafed5f804d6e22a3a84c	817c945839e48ef6ada5bb68d9641ea52131c5afdf971153c069419ad7123e63	文聘	ブンペイ
10386	d595b4481cfe948ab3fb7fbded5bd05482bbac9397d956319a39496e761032c7	91d95e38704af61a026c867360be56ee559fc67f16dee2c46807d5304b64fb2d	文虎	ブンコ
10387	2cbd927a000cdc6ee2e100c885d54bae3e117cab9211c8241474ae862c294adc	6d74e66c6f391921610a6d615b310c5c683b5eebcc537c1a08cc9e95b28e1aa2	文醜	ブンシュウ
10388	1c32d856275b451c3a5b38d73bcc404cca66f0d8d780650b75cf78b1adf172f6	9e2a18ab9ff5dfa7efca02a1c06ac69fb13819da16cb005b9a01855802db864d	文鴦	ブンオウ
10389	3212ed3fc43675c3ce10e4f1b8d04f2f18416ccda6c07ad0ac1739a1bdf810b5	1373ce32c7c1c8ab68513b6fd3a2f6917e4433f9681af0f1f0e9f3c0ed25891f	方悦	ホウエツ
10390	4bca6c179452860f43bec4ef871f55544aecfe8c8ec8fe5dc2812ebf9acae322	fcfb6af60c0194b285c919a466afe5ded12367275d8b2c94426fbc50a07d6f7b	於夫羅	オフラ
10391	91be1d6cbc0ed62fd5ddb554b78eadb1abeb633a41990365720846f8e7f47bec	57e0f7de51d45be41b522a2f73eeedee08c381eb9364cc087f92677d819d6296	施朔	シサク
10392	559a1c3f183904831fbefe1b777a38f6b5b3b58520d69e86e40371b154311820	8b9a8a79a54e631843eb1c6c4d269639eda0adac0087c00eee218c34f5a97bfb	昌豨	ショウキ
10393	8132ae8eecc848a79ead6130eab3c5fd5e138c8bca59fa0255594a35765bafda	ed5fb53d2bdd0a704928a3d579c961bed66104c34ed936400d5f62530a45a93f	是儀	シギ
10394	e0e9aea74a4d3f81ca7fc8f30506c97ba8113d18d65c3640d7fe41233b16fe64	b77bda259e6cd3b38c0b6fb8f87568e59d6c7699ec3298776e8b1b4ec12decce	曹丕	ソウヒ
10395	307a86c3199fc8c758980e196dacde3ce1dd6047ece95e65079b28ef54b1f1a9	c08031bbd8e74a28594876984f513fe4d7e6d5988b5aba7b49605008d922230c	曹仁	ソウジン
10396	cc24086774a186704aa61b860f3ef3b8a1cf0d0fa00de48c84f46eea084668a3	a04983a6b4317cd89caf27eceadbc85ed4fe36bfa6a2b789a741addf1a0fdddd	曹休	ソウキュウ
10397	ba98195115a963c86eb44c843ec6b6d9e22e844d3a2ce1e67c4153c94983b32e	6b6840991e634bbc2a9a7df4253653a138dd20a15689c67b23de4a3fcfa8ee5b	曹叡	ソウエイ
10398	9267314057fabd6802f37481dd84ced6124dd1e9ce7a7fc43dfa8c783d70ef12	3212daa18f0894ccfa8953a3c5c1b7ed2f6c7fd8f2827e40e0214b4d846e877d	曹奐	ソウカン
10399	638c680e3ab91ef7de37968a7ab06077c856d0e4d58aacc2a33a7b683e60f181	ae5acd9271e9460277815ec461b224095bd22eac6ae9d3ff73b436bc089a1111	曹宇	ソウウ
10400	628cb1edd250b7ede0a2f8967adc86e427f90a13c445516534b7dcfd364e1824	0fc58ed9dcd23a5d29e0f93c5f22ce45ab68334651b02c10cf854dc730313811	曹安民	ソウアンミン
10401	c97dbef9d91b44be8db4ebff025211b7154a4177587d869c5f2b00bc688e0a4f	b266f1def8ae93569d102501356b050c077a0b3c5a07b0ac3d9869ec9c9b621a	曹彪	ソウヒョウ
10402	5ba834c9cbb1edebf974e2dc9ef2eab22dc6688c556bdba8a61b610abea2f47b	4d069edf7ffa290c4335ba947822a36cb4181d072efcdc9a48abf96b24dfd3cd	曹彰	ソウショウ
10403	c958d2ff18f0528275581157c4d58c1992f509b9d4416dbfb2abd7c4213554cf	130fd10568b97093fd14f7adc2abf1366ca1b0dc620475ed816b678ed50e0b2b	曹性	ソウセイ
10404	90359c5ac086e8821d50886e38a7d39e349cec01d33e74ced298297f4b765f0f	6de942707542828949d50e87216f03d3aec723eae10ceb4520d8346aafa613bd	曹憲	ソウケン
10405	e1c4521f9b8af8af91676aca8bbaceed46881c2d0e3f9c5528415b22a4458b7b	58afb9e55b0ef0dfb11d863120aff1d1af3cde2bda5fce108879500363cdc97b	曹操	ソウソウ
10406	7886995463865a65078e4ff2e25c4c4dfec1d1af8fdfb774b53d46145eb707f9	7fc8ca306cfa515ceb1e0b34653a251e172e39c17586a40cbf4c995bd5e5c7ed	曹昂	ソウコウ
10407	b4cf05ac44f6f208e95dad719650d231b3d6670d6c76963b4cd7a419e79571f1	5499dbb0d00589c9fd3424b9f2121255f97ee1b4dac37c2b56d5a7eba8c04694	曹植	ソウショク
10408	0a374c2b453a21a595db46d389115702eef0c8d3eaf5a02ae1ffae07d5931303	e16ae80a3c5fd5f275787028838d217ab8cd5b6f0439d3d635aeba2fdcf350f4	曹沖	ソウチュウ
10409	29dfbb1ad8a5cbb2699ac28d004d37c396adffb50b56552fa4267cc000eb0407	d87290a90cca6d896c0cc1da49130b4c3c1c7d2312a973eb38541472080a4ef9	曹洪	ソウコウ
10410	ceace36f3d96a3d69104575f0afa908ac13b1c2e7dfe1107b943cd12c6f1064b	044972187044f8aa1c6e7515c33d37d08fc3e7eabb7b96c9085660b2f4919214	曹熊	ソウユウ
10411	8df1e2a0f92ab75ffaef72166f5771a622a4c2522c8d9ab420e25079608ed605	7244161004780f622c60e532922989db3071e0a46790f6b2652c8916cbeb0c73	曹爽	ソウソウ
10412	1fd513256b9ef3996b424fbd15286850545667c3c1ee7d1f3a257ab3898118fd	0df000b14ea67a0fa34025339d7448e80d54a25678e2ec1074b771ddee8870cd	曹真	ソウシン
10413	4ec229c10498d757e6c4e5b6847bbb53bfb3fa0cff058bbeb703135a9c758ef4	35ed394c67d0df63a132d98c6afe39e0dc093c22e8fe28affc353179f923c2a9	曹節	ソウセツ
10414	9e34b0fb7be2df6385141ee87c94f712375f39fce6317405e7f5345485e133ed	0035737e1746c993214fa06300c1f2fa4fb379aff3ad24c2c5fd031effffb8fb	曹純	ソウジュン
10415	5dad9547f43da55e5730aff9034c80f3a888eff9b2791df38d7eda563359b7b5	c7f3031c9026887fbc34ea8c9af9d1a0e7452608620eac7b64e737e26b32852a	曹羲	ソウギ
10416	7ee9ea782b7296a1f7934b49e9de7f7136d3d2377d5081222e47bcdaaed3a494	d67a79d75854c7b66101fa70ca2d62433a6a9449e962cef248516ff569f85b01	曹芳	ソウホウ
10417	71dd383a85effc03b4861b0446f9c89b410ee8a7e85ec40c0a7578d7b25524fb	ea823686873acd064e2ae8d6fbf9f269399b8c4cdad0eb095e77f4e34a1a1956	曹華	ソウカ
10418	ed0da83af202e91aa757c3c708cbe549d9b0ea902de15b160fdfbd3811fbb0c9	88e3355ce3e632bb79e633d81596995ce05addae170198fecacbf25af0ea29c6	曹訓	ソウクン
10419	3368fc0908a23b23bc4b6c860db82344aa9008ba220b10b2b6ce0099b9a1cc24	7fdf21160aeb8d00b886224e5c35282c60e5c4281f8ba997e558fdb2c15234b9	曹豹	ソウヒョウ
10420	5bdb1177621135ce6d799129fc90c91a91a3da25e5198b8bd5d65b50b93832f3	488a2f1215265faa1778d9f3fce28152fc1d2299088ecab9559421ea5f2669bd	曹霖	ソウリン
10421	4d1f06b2faffc97f4f45cff9cfcbf82fa2d3e23291109191147754ff16174d67	048636358e5b2b2d80df095871669ee2fca962446126495fb586ccb4dcb85209	曹髦	ソウボウ
10422	b9ff3d538c10281cc74632fa9f4d1211f3aec8dfca962c5b9ebf33068ee732bd	dcee2d4837297438ee93473bbd140f8ac95db520d58bb05dc90a6dc6d90ddb30	木鹿大王	ボクロクダイオウ
10423	5c5f61ed37dcf89a8b3d436265bfa011ac609af40bfc12ef1259a7e55e00d2c6	46301e50f7d6b4c4bf5a0d178926fe70be6f15dabd167ed0249bb24a3602d8de	朱儁	シュシュン
10424	15967f99771cf399957dedc160402192cc6c53f3a4902eace135ce0568d5d752	24c1521796d21e4493e8e78ab03bb23207a1fb1c701c864ffc3df53274bc9fc7	朱光	シュコウ
10425	cec08bea637c3427695abc93e8a94ca1157c1e569c207400b1aefec2b88d9cdb	e258a34a68f64d613d9b716cecb7f136828a51e6045660b3137ac17957ef1760	朱拠	シュキョ
10426	debadde10baa636470578834ab0c555806ae3e98fde8f6c1bde9b5a3a6e5b6b0	405ea34e556080fd6b2dbf4ae0fe56cf7975e65c8f3b86f81f267790cefdafcc	朱桓	シュカン
10427	6d981ce5267e8f5c6306e053d827aee39954f7ab4fc45dfdfc2c1ad43852f708	01090789c8ab924be991c1c817e8649ab5f51c0ab41ae87bdbd1e6d23dda58b7	朱治	シュチ
10428	d682ed6a1ebae060a155fd9a6a5338d813b5b278fe97d11c4d25f4511e97189e	959243abb50758d8d0377a634d7be07b11340362d00c6ab90f5e5532f6265fa7	朱然	シュゼン
10429	98b757d7c1a90cc2cee4335e5cd83522e57af7374c47080ed91aa8481b4a3e3f	06b8c05a93e106c0df66ff713d882e60bb9317b01073ed1a1c734594e6ec223c	朱異	シュイ
10430	0b459a71f15a8a864991903391ccf3aaa284564c0e8922dced2640e460e8e27e	04a190171b2927e2b3792445b856987497055b1bc9342328a88888826c418bd7	朱績	シュセキ
10431	a731e7d113845115e9a6ca4d43fa1193496cf0595daff3e0c31229ba959d2f21	9767e27d9c100277cfedd469148e710e88917f655e9e3588c83d34fda96dd116	朱蓋	シュガイ
10432	d6fb86cbd01853de867a36f69c8ed2c25b38a927a82a597a00d381b28ef57bec	13931d99abf029bed3c2295e4146abbae4cff0754c85ecf9fcad62dfd632f230	朱褒	シュホウ
10433	c37dcad8e19c6519b7f19992d728332b9ea7cae117a231e67bc4db3937254c8c	ce8e0d9fd2ea7cccc6b6a145b79c1a7580e04bf7f51ba2b923584a75847c256d	朱讃	シュサン
10434	4fa589984cf138b03a09024fff0bd515d32cf41a150f296bdd4c4b107405b665	e1bfca16a7832cd066cab7f6739216583fb5865a858abd8aaf7f86f56d01e926	朱鑠	シュシャク
10435	a49368bf86e6628bb54ad8bec73408046a15348de2a3e50c8c82400e0ba61ad2	bd56b7fe48ffa06fc4b58b96aaa29daca43692a564d17ff247133e5d9113a6d0	朱霊	シュレイ
10436	c97333fd4faac30bb6c8390e4ecfb2198f389450a05933a05d437f845df4cf4d	bc829c6d4c4f58de17dbe4a26a8eb1617659f29467a940ed0810c2a4174e2744	朶思大王	ダシダイオウ
10437	aa0b465b6f19eec2b9cc00b251457eae9525bbd2490762ded0e4a03b5fdf77f8	7ff4b58ee90392c43b8c0ebbcc4d684766bd2f3954fab31d97d56a6edaecb538	李傕	リカク
10438	9c2c88f6a1d2673806432e07d89389855b15da292704aa36d480040fcfd91f80	d0b0f395db1a71ae469efcd01a4dd394ace8def4bc482bb5c69644da1f9625ac	李儒	リジュ
10439	7620375fea69fdba64733fada6753e745afb51ee4c67ea95ac2d37b85d06052d	39bd6a6bbee8b0764e02581a1973c7552b7cb05db42695ba410064eeeb4e1cbe	李典	リテン
10440	3a790135f669fc9ae3080298d431f395867277bcad0348ead7da321eb3474467	83ec6b9aadc30a53d7747f2bcd871b7cbc9b3e8c13b3eabe395437226a793bae	李勝	リショウ
10441	cb58d32dcc41e41d88daf93993fb87853ef90aa4dbcf660d4963daaaf493733c	9b151551a322ac14951717519e1b4ba5e0471fffd44d4f12f890665344da0646	李厳	リゲン
10442	6f0e80ab726410b95d647933b42fc0ddd38eac1d29a60183bae37a048479cf82	d8be55dcf322e2b34fbcfee6c1847ac53e961adc7a1c312f5d250285aaec09bd	李堪	リカン
10443	545dd29aad238efd7eed27967eba5b67a53b34462b2af6eaa7c531f9feef6ece	43515d47feb2cf76fd972926b927857bf9f54271cf404a2195858ecb3ef5443d	李孚	リフ
10444	67de94ad106bc6fcef1b3e19614d302b6cc1693b4a345ff96e413069c29c9c7a	063e22796d670be08744e94677cc5a00a05b25aa9c53d89026d29b775394e92d	李密	リミツ
10445	ee2606861737ec8d1a2968a9b3e9736804c49f2e296c3aeff628bae84c8e22e3	d491fe6c9bf1610165053482316363c8de64273f2273f4f9d21b4570a8951e2d	李封	リホウ
10446	033a51341a2de78ccf3bda41ac6041ebe1be9d4e62edf78fe8b30f10a3514d5b	462cf2d120a1cd25df1e13a8c4c853b6c27fbf513bf1db49ad1f05e42100fcc3	李恢	リカイ
10447	95012715b580453c05c965755f364f58398b7c4f2af69a83ffe266e8f7a07fcf	83f346aa13556266e32b166d81b5987fad032cdc3ea9126b282acb58f9bf98d1	李朝	リチョウ
10448	73c2cf757f25fe020a80524370a9c9f4030554694b819a87d522a545b848c95e	2a219c15880c8733ffe2e9d13c09719a7b0d75724af4041b4334447bcb9221d8	李楽	リガク
10449	ca013c42749fd41c22ff756cc251282f91c4c00f66198919e1b38205c038c63e	7737d3dbbaedaa258614f6095518a20b3ef58e0ff33c2f240a8feb7fa7867af0	李歆	リキン
10450	d333a514f67976eb2474d6807205752dbf2b199e8be6cf050c52ab5e7a05a060	0adf263a03898fcd1ba287f783a51fc99f761487ce6cca6828522063de2006c8	李氏	リシ
10451	5f07cbfeef59f8fd1e6a8c05ab9e80d1bb15d590638c5f43c4c03a62dd0e6690	51a6c8526d64c922814df32e1da0f22c23138fe38401d34a83f739a8d4d3dadb	李異	リイ
10452	5e13c0efc2f5c967196c608c669ae953818c15f068e6f05ad03a231770e2c613	25f16600b836fe9d4e8ebb4910a92caa0a749d75eb0d72fb7981f8d8361efbee	李福	リフク
10453	80761c2f46777040cfaab9f1ccdb5d8e96caa9e9ff7a0df81d0a512f6ee4f280	2f7a9ea99c65312e5df968a2706cffcbea9c264287c3b8a0836dd5e2d1b543de	李粛	リシュク
10454	12927b394abbfcbeede887b13cb6b51e8a953c587055fd135d1d1774671ac7b3	42afc7edeec23012a08051ec121f6699922467b959a2dc32227c6b53f8ca23b1	李蒙	リモウ
10455	0d5b8f47e5d3bca51d5f6f69cc7084aebc8fbaac39d547b19f3fc863f78aea76	bdffe05bfcf24a2524ad7008971dc3f2ceb65a1768f7ab235a834936ae07d6ba	李衡	リコウ
10456	eaa5c5d369ddead3ceff6c511102d87a148b861bd304e7d543e7c796990912ad	082801301a8f45841c3a04cb263ae4cd6f33a9d095c4d8e2730886073ec25e2b	李豊	リホウ
10457	b8727375e03d47e4ee4388390f953ff99da07a4fa88d904908811432f0f7bc65	ae646bb60334c6f4c647611bfa647fd78e1cac0a02798074ae33a9c9807f477f	李豊	リホウ
10458	26f5859adadb7ee6e29f1b77bc9d0b75b73fb7d7d999d5081e55b16486c4d1d1	e44291cd2ecd081056b50c027ec2f8108a8b69903d774173c1e18e2cb4197fc6	李豊	リホウ
10459	41d07c91963084c6bb15d887e032fc064e176eb8c52efc2c3d86a42c64cdd107	1c4a2e1c714ae49aa2c21216e6100dfbd7d3a16d38e586f5d24e58024906b171	李輔	リホ
10460	548665ef3019e6b475e4bdab5a226faea74cefdda843e0fde58eca9c19a5d548	a527e10b1ba1f65347abb93d4e5a67b6188d3f3a72b60e4df0e11000bc35f9ad	李通	リツウ
10461	478e99f2b14264d788994d11a8bcb01feaeffb5b8fee7e0f21d4a482e3d71cad	6c03981af0825cc8ba219bffec3dc99dea0cda8f02adf6e0f0ad055c823c9dbd	李邵	リショウ
10462	f24576eb189ed40fe895c67b033b57d72c1ada7ff20166d37578d4433abd3ba5	6c0b29bb7e0c5c066083ec6f242ac7429fdebc48c3ec6dbbcb8e7f57c7b56426	杜氏	トシ
10463	361958ac0764f5bbb83396760aa329bb0d6bb5964871161c141bb804e994634f	10785f76f1d9549727c5c2f8501deded6148c89ed634830737c4e727ab0c3aac	杜瓊	トケイ
10464	a318033aca64a8d4587a449d0a14ce4a9e8028b8a18d878827c465ce00914115	fc3f41060c154187fcd40c353f669a9e6943a30f41b645c7748682a9f45fe605	杜畿	トキ
10465	250fd1d475fae0e16d89de0285af5328be45edb9e323d8168c5d17cbf5d5226f	6040912ceac22b907c9869c1568b910c41269cd0662b9035fba9d7a7820ecdcf	杜襲	トシュウ
10466	479cc451636ea20a35b7c758096badcc01a73f2f7099859b4d3e0294eb2d6eec	1bdb3e14323a48aa711e14dd38c7b037820d20dae26164e4f1249660d39d92f0	杜預	ドヨ
10467	f502aa388b4b82290e03d78aef275afb24f06be7db609002ed27fff1f95ce1d0	380ec3b6aedd8d31b8ccd815fb10b80c873695ba5441d15c14ce2265d2e05718	来敏	ライビン
10468	35b6982f3307154281b9a112d5900db3fb65e381ae9484e673aba5ade01f2d5a	c1b734a61c72e4d3d18b0cda785faed62b984a98cc8c248284f704f9477d3913	柳毅	リュウキ
10469	a3d94024a2fc60b4e57ca4d2996b95246f95be7b9f15de29ddb2ad0760c7b2bd	2b240341be30fdbc5d617098a18f0bb2a2e4632f53e5e5c5fa7a7ae9490e349f	柳隠	リュウイン
10470	b4a9e817ceb7cf5b27c896a943d2ac321c06379799f48bea2d76f58d9df594c6	5b6167543d461080a10d102b4b212b4191cf97e82c8a4a9f8e3bd3f966326f46	桓範	カンハン
10471	5e5f2d6ef91e9a9a1a2cfb95e72aa3881e73cadd897388bcc2301b9b7dcd7641	c00d5893ccd01741347367995e94ac0e8f31e4e2187732a81a39411e38b02411	桓鄰	カンリン
10472	451d91877cd97821d24cbb07e95a9cc569169955d7e71f84bbee251cde079d65	0c644bfdc738ddf52f67df0363bdf7fc84aa5aa29acac779ab2ee86e7a9a5d01	桓階	カンカイ
10473	387e9e79eac76491aeb9c67515fe77eebd754643b74cbae7444c16441971037a	6e6707bf261747ee548c01cbd3f08b58d909486a3b74a7b459771e6e3a361670	梁綱	リョウコウ
10474	cf54dcbdccb4c9ac186a9bf71a3f2074cdee0ddb1e884b29d9b162002b463208	799d20b3691f426429709c6a8994ce74da6d850119684d7d4ab549251fc52e52	梁緒	リョウショ
10475	eb86d09b14a36e1a989663a041ccfc7c0897549769f1305bd23f9c155c65d4a2	632da8214415afc2e2991888ed80a6e4cfb1ba673eb28d5ac21f421b6335012c	梁習	リョウシュウ
10476	6696d2c8e01268ff8dd74491cd0b7ece555368c55ece57f548c3d5e15b888e39	6995ba3e1fe1df2add5d98fcbbb1255c113f524ef66d78a362c4ce8b434a5264	梁興	リョウコウ
10477	d8fcd69e6a304803257cb5489597f57a952e2468dc102d3a22115b604a2b8885	228528f28dcc1bfa708a565120ccc54e773f197c761f5caad304c24b7e24c3ca	楊任	ヨウジン
10478	34abb07485a770d9238907d571a2fa274d1310b94b59815ba834312803cb5cf2	69b49bceda3378748e33c0a6073ac110071e200453f080e2b42dfc2e879c0d41	楊儀	ヨウギ
10479	f05e10ee5dbd7a424b9c2001c06c85699f606df857de298f88989aa03760687d	25686bb3be8cab47f20e5d4654ec6edc92458ba57f1b8af8ca8d343fe16b8d43	楊奉	ヨウホウ
10480	f6ac87546297d0d2e2fec111b71c4636bb7fe32378b85e8abbba2a6ffc18b3e4	7dc301d65bf5101bfdb1c88b712559071e5b04eef965bdb6387339c78b159f71	楊定	ヨウテイ
10481	5798fa305300581a24f8d5c9d5171e31c004ae4438c2a65898d2ec3236599576	8265757a9822023dd98b50ec0a1d269770477a16a92dabed2a0170f6834a2ba9	楊密	ヨウミツ
10482	28cef8a4be81ecfdeb94f299102408101f05f01a7d4750171536058f48b56b01	9d72d8ac9deee3e9dbe232abbc03be4a5b7255e3051f1b35a0d7f2c0337a21a7	楊弘	ヨウコウ
10483	3668c852396950ddc83e35f246493141681ef8776374301e9f591e3401ad4c60	af9b56b2a9871db4d8140e3bfcb04ef2414d8c35c087f8187921c4f4b92bc76f	楊彪	ヨウヒョウ
10484	46f5ea4163b43e7c57f9c20705d0c6546f9ab92d23bed094b3ec39c7f82efc9f	2ccfc70c70c722e92fcd2ca813bc9f0efd065470f5009ce9ec7f13425ff63cd7	楊懐	ヨウカイ
10485	dbcf7b56505cb4d73df74222fccab9e80da039a0ae4a18eef859b06b158ee87a	e77eb8c9d554246ca727a6aec323dd618c439adf18c751ba9eadaf71054f90e5	楊戯	ヨウギ
10486	ceb2dadbc1c46a0838c835dbb08637f2e0179db437cd2305d20201888fc2612b	265b13287ec1d82531062a222cb1e3b50e74c77613ebbaf0d3a0087f94f48821	楊敏	ヨウビン
10487	6e621ca2cd9870ad8ec5a30b404ae103e5ae56b3aa612a5d66e918e2c903a946	66b16f2e99d619e28bd5bfd405986cbd08f2d432faa2eebc4aa11cea2c8698e9	楊昂	ヨウコウ
10488	9f2285d6ba31d3dbddc2d7d3b6531e06f5a150fb16bd3a95d05a607768717595	745d676b29e7062d8bc44041ae3ddc1b05337a29f40cd3cd1d9cde50808a9c3b	楊松	ヨウショウ
10489	29c08ed0536493538aec1dfc776240013ca6924d4319ae25fae093943db67376	787794a19b1d2b2d8653a9a9445b3b8ce8aa9ab88869297cbef06e971cda32b5	楊柏	ヨウハク
10490	58a566be152216304327475b6ad06f7a1cdfe0c7a7ab92ddbd73559b00851b5a	66f2d0af12773d325260df85732a42256a2b976d219ef3bc07dcf0dab8bbc4c3	楊欣	ヨウキン
10491	8c17a23c928053a8a7ff005fda3f413f91a603cdc7bb29b2112fe531c260f02b	8e3e2c515b8da6e128219f8b743388b99c90f09a9569ed20d21bead32a3746f4	楊氏	ヨウシ
10492	c544c16e74069f379ca2220511126c175234b75f349d44746eee6f8b0c64c2bb	61e7724f7a3f7babe33efbf8a2ef2bfc5965507817230f52cf818b20f6febda7	楊洪	ヨウコウ
10493	f4778ac825c4f56c85f48aa891ad5ed2ad13d973d02b79f3b3842aae791ad73c	0e1c1a36b9d6a2cec6c8bf0807ce13852e64435222477b505269e3534c079d63	楊済	ヨウセイ
10494	214e5442ace2cb53a41a3791b7135c6f2c8477607e19dd574ab37e262b84ebac	d0aaefe6bf43177241715cca708686665a99a4927f5e973eb0ce25d63903be0d	楊祚	ヨウソ
10495	f3f2a0cef152a02f5fa3c57bdea8210f1276e3bd35ac78552ebfe2ce4e46c237	a3cb504b3bc4d83e651ac8db19b6033f43de2478407a12b728ffffe53ad50b13	楊秋	ヨウシュウ
10496	eb4ca5fc7989fb44121bf072968e7269a94c9a771966a7df698c9922a611de23	f46736f8874a6c0a2f93a9bca87c3b5a1d084576e77037cabef66a82193a3e74	楊肇	ヨウチョウ
10497	fd53d2a71ba31cd373d6f7724967a696deb939b91756e589517adcd32712ace7	ccd8af53d333ae11d2b7f19e1fabc8ab37d60f6f5b1f41a381206022527e7353	楊脩	ヨウシュウ
10498	266a169f7427747c5b186d80b8f8265ff55e1aaf9321228673b65e05349fde9f	00a5c330dd466499f6293f9cbbd0592190cf58063ccde08ec1239f6878078dec	楊醜	ヨウシュウ
10499	1ed24598479e284f206bed3932923f8c3dcc34b36a70156b89f2610058741caa	55905edc0bae38b9f6558dc0150c357f66cee713ba9bf847e863860a06c3ffff	楊鋒	ヨウホウ
10500	7c41a78b28ec6a0a0f03881f46fb235b6dc8340e373cb611b010f9c7efd2182f	45fcffc2f0fb41d222d381edd400babae8f4bcb21a7ff084e1e6c2eb6c7f9fed	楊阜	ヨウフ
10501	0f3567e3c234d4e703772482baaf274a4eeb2a7f2ff3bcba26f940e3e4b59017	0f7bcb1fc4849fc95c7463ae3caf54ea1c34e14236c62874b95d85b39585464e	楼玄	ロウゲン
10502	358228a1118d4735add37a3b3e5444709290336f300bcc107c5f6bae527ce367	51be1650cee0b71c5939cb2832d976d40c7a216e8ee903252b5ab9fa661f53ba	楼班	ロウハン
10503	c2809f196c908e34b1056521e2e3d6c1db86ffa98fe87013106da4254dc7b875	25db99f586e129bb1e840db1f4f313cadb450137defeb7df4fc6c9ee5ed1752e	楽就	ガクシュウ
10504	568d02501b2752bae5daa20cc3243188d1352f6d708bdb64ad8fcce2e4dd7470	b7976539db0c4dc3d8f81973f636a8c45cda554cff0ac90409f508dfce8b9bf2	楽綝	ガクチン
10505	48296e5f130406d8f7d951e4d9b7296b3788232761dca0f543d036e2f224d710	b6e002e5dc5d09c86bed6342348793cf53672d008f0cf3463d689c8e337dca1a	楽進	ガクシン
10506	08fe5c0656948302505d4cb337940740f1c1027040812a06e7dd008a82bf04a6	f55d9a4b1a3d2f3deb0a2c68678bc6c98113102b3a7365834b4e60dc22f7beee	樊建	ハンケン
10507	1ad3d5b1bab5d3ed735f4e4e1dbcde9da9fe9ca71ad49f652e0eb68508947d8c	ba9a8e3cf6a4d83f1eb6f2124813268899efbf644a036ed076f5b60b060ef2fb	樊氏	ハンシ
10508	e27caeca0b87d26dddc05607a7fe0006362191337e0fb77d6339672661f5ad35	a7f3385e1a90bf42b93ad1ec133afe73ac46f4f26cdff807c8dbe542b59e89f1	樊稠	ハンチュウ
10509	4e9ef9c995333bbe789f3a09dc63499f8e1fd7b6a733659df35237f33b600496	450d688117abbf7d3cd5bdf603585a9df9193b8d1d8c4edfe2c0c27c4fefb696	樊能	ハンノウ
10510	22da34cd3e8fb8cef5408de8a5304e74498ffb013d55313e600f69d6983198cd	e42713be68811d578c5f27dd8ee5fea6bd05ac5d4ececee1dcce36c1ab659ddf	橋瑁	キョウボウ
10511	056f68e49a4dd9074876dbfe118606eeb0068098147fab78582fd355811c8a9d	b24b21214b1fca33d956d32f55af3651e54ca6714084a4ec4ab88781be5b9d11	橋蕤	キョウズイ
10512	2c23acb11d526d91a5d07a567d6f06a24eed026a20d6805037fcc49a5f8bbb94	b855015e32f7b2d78b1626e0899dc969b3908db39b215311fbc63b3ce33dade9	武安国	ブアンコク
10513	e78dfcebbd194e25cd0a355cf3144ccf252f696706ebcfc36af62c72c9387491	0bb086eb5301bf7b719ffb7f56dd0ff2ae8a4e0dce782c431eacf32e9e9a9bef	歩協	ホキョウ
10514	1616eca1ea73b43ce5edd8d1d7cf321cd90a590eaddd29efb56755e270d0534e	e1b739d746330130a1e9f0c7421ae207c36e33e22456c67cdec3071df27fe1dd	歩度根	ホドコン
10515	198965db0d70ef575c2eaaf1757317d0c5d1afb7673d2f32e19f21ca6a7ed451	791ae95970efcafd3cb7133e41417c5f0e6109af2809b8c10db5ca80e30c7d18	歩練師	ホレンシ
10516	14797f12718d13ccb080bd81c586c57b44014ffca073b7400f7b0d82a292c55f	b286112ac07c74d9e767de21483236a9590228aa5ad3cedb140ab5437938c80a	歩闡	ホセン
10517	d0d972229c2658789f3547b6f93d57ffdc8e0b1ebc5827e2314f8972b6543791	3307680067c6dff32c1b33d2144bb24269f44692cc905a5a04ce5b8b981241e5	歩騭	ホシツ
10518	1eabf04571ca93daeb064572526079d9addf9ec26621547f52d674f8885a0436	728ecc8511c0c1b00bdef3760eaf981627df27dfaabd751272c093575b21c567	段煨	ダンワイ
10519	3c2e40343df3e8e0f288b3a6660a1caacd083b584f8365674f1d515f247569b9	c4f30f7850571949e5bca41d30d910287d545183deee3c60019536c0487a8819	殷礼	インレイ
10520	95bdf4fd405e7a422f592f07c5955505187f959bdc3968c9bd7f5bd6cc16e3ab	59c461aa76f2fabaf05fdc36a1c0e4ebc5cfcdf4321f457a9c567459a56e6a63	殷署	インショ
10521	f893d18bc686ad0a32c8431e6912df9a9b16b881c33b5e6db20ded7b0e4bc529	672d2636b02cbf1759eab8fe03fb8c8daed55a3642730e93bf94fb79b027c460	殷観	インカン
10522	8302bba5a6d502330c6ac767eb1085c1e144a093fe3696cbe368a0e36e8b20df	874a38c2591c8e9e993ada1fedf49299b288c98780748a65ece143c6b71d8c8c	毌丘倹	カンキュウケン
10523	979a6ff886f737d04ed6234c20e84eb0e85d03d6c26b852c076ad9ad87297ad7	446cd8e4d9d127dbb087de0f713a585768b99eef7e4d249a7fc3144f0f190e39	毌丘甸	カンキュウデン
10524	ba08c31f8099ede535ea1fe2cc4edcf01d56473ff66838c8207108c3a70c041e	4b7a32dede3d3cdba3cc11db4dbbeab242a0ff7211e4190f7e8882eb530d1ad8	毌丘秀	カンキュウシュウ
10525	d0f852d7839c9b466b6e6fbb862bf94befca8407ae00a952b8de2c02a0639746	ccf73cb4e4aab167500f4d5e3e963ba7aab1646a1025d13e10b79cd7925ca584	毌丘興	カンキュウコウ
10526	910eb17468df951269748108fba554e15cf5a980afc154c36117044b1f14319f	ab568163468579b0ddfa534629232a6cee8ea5f3ced8b897d435b0037cff85d2	毛玠	モウカイ
10527	0fc272379e44e789884cfce97bf1a9587962a8e01dacef0545b78676983421bb	8e2536160a00d060e24959c92977bbfaf240a65afebfb96fad4c8cf12d775c03	沈瑩	シンエイ
10528	2e12c3311a9dfbed8c569a0bbe36942821965d38980a5fff9d96e93dba1048f4	0a84c5d48183217bb7e54a27619a51787f498aa2c907fa9778c923e10f5bbad2	沙摩柯	シャマカ
10529	88e88f74a9d66808dcb0028ea9f198eb4c321a4bc00b8d600eec4cc3d9fbbe24	f17005fa87b49134c85bfcc3b91f8e5e67df1eef7899e2a5e14e59200cc8b7ab	沮授	ソジュ
10530	6d3cc23d76137ef6f11b646efa6228298939ab013ff3b1467da6881501f70369	84e6f1b6ef8dd2a8aa71be1553aa8dc501e2074bbe29602d6ca0e5a165f5793e	沮鵠	ソコク
10531	cbc9ac7ab4d46299d101e1473017fa100d196d93f06cd9c7fcdd055c42d51a9c	7845c9bfbfe5615e2a68f6a13cfd036f4a8964623ef9d8c98169e0a00baad6ca	泄帰泥	セツキデイ
10532	d15542b63f021222264d67fc34718d2b44f8a74211d1d2126f38fec10f1225c4	ae905a554890cb91891984fc50fcfe9a9c38fd7dfba7e63f0912424e7c76c252	法正	ホウセイ
10533	ad8016a7f4fa362f31113ba23cd68ca6d85a125d7973ebb4b5a71002b3ac1d8b	bbd46e4091baed7f0e214bc49761c3fa53212b1decb79484da0055880ac0d05b	波才	ハサイ
10534	9d2027a74ea5e2cf4ff388c01e2beff5cb4cbd7fb1fea7c322549dc760aedc65	73d50a0d74de943c656c102652e97d5301bbbf3e5b5661e1f994f235076a1249	涼茂	リョウモ
10535	2054a7b42fd6f3a2b54d8b62b17c7ad8481cc9aa6e87e1f874062069b35bc675	d99127814568c152de16873f4e4cfa82cb849b88954fc3760d59436cd499b72d	淳于瓊	ジュンウケイ
10536	48496e3397b86d2c56947776ea18aa79bf7695664ce3d2a03efd47c74e2bdb86	66af52bc165373b988bb71fa6cc4b1710cc3a1696d9b20afbb04b4e5ce5caf34	温恢	オンカイ
10537	aa1d1cfe2dd1bdc4b36752ccd04c5e4ac10ae958588b85ef9f3b2a20cbdf996f	27915c1bc1017ff2362555ca6a14d73bbfaac710f3a632bae4b22fd3f8d5b33d	游楚	ユウソ
10538	23c7da99a538b0259545efc75fa187570f20fecab66f8acc674a19560a098f9a	a1072a4cfd01a34a79fc346aabb5570f163424dba7c9877d1ab36980d55165d7	満寵	マンチョウ
10539	d8dbc5ab073522dd12aaae8f05c6fe8c48831b21d7a4c0ab12c9a0576ca7414c	4cf2ece8f6cda9f370032cc4ab271b7729dd08629d9a4ee8f581f017d3a8b58a	滕胤	トウイン
10540	58862d72f9c16842922ffa6d54d47fa5c865aa8fda1c99c09459c69245d12e33	010f7f49cfbcf7932c6c95fa1fd36f1db558b8dfa3151e5ec3df3bfb65267e26	滕脩	トウシュウ
10541	7e5cee59ca5bb098c72e094f20ab30600ac253f8f6fc3490a2b3860beb9d7959	fcd9a40483fa0e574a1948088c0071f4c3c91b438150fc3eeb4fc0c74e5e624c	潘氏	ハンシ
10542	f588dafe74287287cae9274a44d7fdbb77424051b440b54a883b7920a920e90f	00cfb0f16e4f98ea2f5c7e41dcdeb7e6b6f4ad2860b8f1bad8874c612bbab990	潘濬	ハンシュン
10543	5ba40a7b0b869a662bc7deea8ca3b21b65db34c952b48eb00f2cd97a89bda1ef	179471d1c2bfdb9898a325e698c064bd6c9a18c93abe077e968b22808762a273	潘璋	ハンショウ
10544	2ecc90cb2e0504149b706aef22d01e63e254256dc1511c9955b5c939e3cc2d11	d3041ff0ecf8a621d7392432d04adf295227fd6074ec256589deab05beff77cf	潘臨	ハンリン
10545	898d1389e86f023e3b2e15b340749b7814782a1644e2f30bb0e21e525fcbf2db	627e9c9740851f6c17a7d4bb956387e39cbde25d23b1ad9dcb888856cba9479d	潘鳳	ハンポウ
10546	a01bb590aa75bffe65a16b239e5c557d0dbd0984e841c003456aa2f8c061d64e	00b86b1ddf8ff9a8a088bddb683c87947658d17e5898ce23e61652ab12ba1050	濮陽興	ボクヨウコウ
10547	91c55a09faf480b03c60cda8eb273d50a7d2fad248bad3fcc1df3ed8ed16a888	379068908be9941e7fbd81fa805526a4e75949c94047508f5b645325941b6044	焦彝	ショウイ
10548	9fac7bf05dab96f4b14a2916355c467e7913b5bd29b7aadbb09e3189c800f537	b0842864c6ae8cf5cddf2dbc6fcae850fbb211c82b0cf2f5b81c67ed6fb129bc	焦触	ショウショク
10549	59ddc92fb5152f968c390856ca0335dc9e0d8f5c013b48c93d868b617de72943	b9ab04ee33ab979efab11fdce6cdc7caba7d52c679e823d0866270b56bd14321	牛輔	ギュウホ
10550	e0e0e84c37373f8ad4a31cb055d6de6545a70dc725bc6f1e2c37de616d5c694e	edee6863a0ce8d0fec5815c33ad23923e9488dcd8d495cb98226c4b336faf46d	牛金	ギュウキン
10551	cfbfc414edc2aaefbab669bf741bd0d7ff3aa4e4c0468f75670d25addf9f35b3	d75f70ac99b120f2aa1a44eedf6fcd64ff04eb0de2abe74f891db48e637bedeb	牽弘	ケンコウ
10552	2edd3f4bd5b5fc47eec1e14633a1577e6ba6414a93461d46e723f3eaa77b09e1	7f385c89324928c8d5c8ed1531f7267485f132229b26a1ebd053a56c31525f48	牽招	ケンショウ
10553	21f22dce49f28b832f09291f0dce5aa85828b7d29e7a019ac451a8370e7bfd47	191e1a12dc049c69eda4b9cf97993d4970fbd0be6515736b3e082ff03200b62a	王伉	オウコウ
10554	dff3506a7dc29de0b6cd5a7f1cdd73169cf2f0e955ff3d42f49e7f761f734734	50092cf485593e202c633b82c18cf80f122bef0e2bb251870624444d6bd85088	王允	オウイン
10555	8a8fe74f4358028b4b70ac1a19f1d9093b3604f2fa1738b672a2b8280c117abd	d0bbc2e07c2def12020c1c639062f4386dfa883c46f5c10ff392a62fb0bd0f31	王元姫	オウゲンキ
10556	abd310a4e80c1914aee90fd6916c04d62c944930f42120162b25f13d6592707a	e410f7d80fbb0821e98649c3beabdac38745c3facfd8188a1131342522d50c03	王匡	オウキョウ
10557	a154c2fba960483dc1b38b0b3e5af7dab34976151957b9656f2ee54d531680dc	8bb393aca1690ac5b94111c6c2151747511a10718ece41b13270a24021aad884	王双	オウソウ
10558	338ec71a9dc5cefc6e7fd32b64f020da3fe8220485a68d609d06cbf0a3912a47	9852e3bf5623c88dee3a9e938356f40f6b298542df34edc4af7a321966a6d86f	王商	オウショウ
10559	5abfdc23f4ed3d71926b2f5be7a89afb2f39fdfd8127780012543bb89d4749e0	4b17ba351602154222965034905d06b24429b14b2ea5e372a5fac2c06ab50d41	王嗣	オウシ
10560	080de52c0eb454b97110d931f22a91a60fc8d7d6a71c67cbf84e6b6e45b35a9f	df214fe7f44487b3e6acee86cfc9fb21b8dd2a1bf4e623667c6d76e8912d1161	王基	オウキ
10561	3341e30d734208f3df4af64c5aec93c92f25481a1d599704352aa0f3805a4812	e20ed6d76967e6e9f80ac28f491d8d3277607bd2ec1481cc369460cce908f149	王威	オウイ
10562	474ee81ddb4ea66d9242d53d1e2b812786bba6a9b8f7b42fe88451e3c3ebb43c	413dcaf5088cf02cf4b8d2f4907843b33ff996772ff694d5c231265dab3d045e	王子服	オウシフク
10563	f60309bae637406b9042ec35983623dc28e4968c23b071697c054b695c6f711e	5c25153da737e367bf1bb530f9ce1ff5c2c79429da517d920ab1ce075ca286be	王平	オウヘイ
10564	bc5933d019cf5626ae32303360d0770f5b5caf732f95d5127cf707b229f73817	d97fb6ed71f2b0c5d6736fd5aa52e1856e07a216d7dd36bd523597df444435b8	王必	オウヒツ
10565	b2a0664466e7ae3c28f85e8a0a660ee37f18bc980445b211caec94f0255b5ee2	49d76deb146a88f5a5d5e0faf3b9b2213294ef499e212907e4ebf5c0aef64e1d	王忠	オウチュウ
10566	ac8b5272aaa69e9ff879b1f0142d1cba203ad54c97477427805f894091e8e12b	3388d489ded642ab71f1eb4b721ec1333f200122a57e210f8519ec2bba50c3fa	王思	オウシ
10567	f599305b67977f917f78f493f0ba9da943389e7e8a8c473290fb15b9b81ae5ed	6cdb394f012843eec24440254fbf5ab6262c8e806bb64a514bed899569a0e4e4	王惇	オウトン
10568	9e05c52dfbf807557c87050da8d2eaaefc47fa539fed9d6c2d63b79eef6e43d5	1a0e3f28f2a886f9dccec616ca23abcdbb13f7af35276861da4822b7aeee4149	王戎	オウジュウ
10569	30d7cbea09854c510e3a2f342d00a4de27ed9364050f171f7c5477914a7832d3	f239813e0587974b5b8fc4b8af6eb1506a977772e0201d5512877b642c1abf64	王方	オウホウ
10570	e503b39dc748d10032f3c4d253efe0c6bed4d5b9a00e1165f1c7289807b0ad30	c911f23c6fa3a34aabb56240ae21516228f50bfd7bec91d243c7939fbc07251b	王昶	オウチョウ
10571	5a54ee02ffd46264e8d493609593a978af9f733bc7be127ba5dc376c036edfee	3d03288a726937ebf27cd9f439027fb797dcc50136111e4622b917e24e0cffac	王朗	オウロウ
10572	d754b2407c3cbc210cbf62102999f88ecb117379e317a86bb42d8828bdd9ccbc	b531c3e5ea2932ca60171c454bd35f167c1c4439004f1c60ea38b16ff8e5efe5	王業	オウギョウ
10573	fe4da3a5b5afaf2f93ceb5d5e2f2939b36ff8935990b99fe7c0cbbca11ce6216	ffde717c48360900034e56bd4b46f19dd3864db9199f863551462b7390764ea6	王楷	オウカイ
10574	7403e622eff1c8799126a08cdb247f86de8a5d41bee138080968aca4495c7084	0bfbeebe0e4e24aaf384d69cef67dbede17d67e697b674b3712711074644aa8d	王沈	オウシン
10575	6a64a922f3f2feb65b0d6c805e63ddaed34696a31b02ec81fb30d1b6611b4325	71797299e364d1fbf9b96324b9d5719f8e857a34cfad62c3191c5c0f400fcc6a	王淩	オウリョウ
10576	fd39cb59d0b168d1323373c800f38ae4e40320fdb581935cfc379211a30dc241	53a89a7fb4a1b338956f9ebc0ddca80f953041175e695a470252e46daf1bff01	王渾	オウコン
10577	ca8ca8ebe0358e93784af4fa17982a93b425f87880c4c208a961f5cebe21afa4	f55e8167730e738e1071414eee320d4530604f596671ff9c7019522839ce568c	王濬	オウシュン
10578	7e85152581b7bff19ecaeeac50337e9bfcf91822c642f37e9309b8e5a97bfbc9	f1b4c48ffeb373d77eef75b10f45a5658f087d59616924feb1593b56fa89aeea	王甫	オウホ
10579	07272904c0fa8572820db7658633f99ea71de910854d8620cd2a6d10fdaf1c03	16a0f0d1649284d14d8d8a8a51b85b24e43ed60073b9006427de22dbda8fe97e	王異	オウイ
10580	fcd6bb7105611796bbe078e84c5b56092a27993b022f7e341047d48a92db55a6	a4a94ca6bc98ee0389cf2a3d670a80ce16c9368d265f0cba152c14cd9ef7cb2e	王祥	オウショウ
10581	15ae6d61aaeddcfb5dcc3942d3e11b80f39b8300109737261c5eabb5da902577	345f00bc894231d30f4a3904be2758985ed8c534cc04a08550bf8d4b28b52dcb	王粛	オウシュク
10582	9efc18feeadc2eb39aee5c846f4c435cc44d5c41f338448d9c02d319127853c0	19e17af027be126febb534963df041b24079d9bd51569b84a7afd1779e095ce4	王粲	オウサン
10583	07b9dff265ac2d97bb82c1b3c8e2c8cf32efd8968500b948a32c3f3f9abe8e49	7394ab05f99f696220ce5decb83ef89ff23441df2e2b6862d26fac9c6369022a	王累	オウルイ
10584	194b1de7044a6eb4a6fdfccf7827f9235423602de50e85df46ea3d32303f39a7	4c596570b3dab7e12913934adf1d0ae84a5757e616c0af566a067297c54c8210	王経	オウケイ
10585	86dd9013778503584a90e941be33128c7b13c7f4ff1f7dca19cad004138b0e14	911b62b33e5fd87bd81d595918d872ff71c77dba01bf9680e02b46c0fa8e4943	王脩	オウシュウ
10586	2f57781144808c51ebcdbe0a226df35a1d3578939ae1f6601876881c364e7e5e	0eccfb5e580f35b755e745ed31d05b9a13849e6b169533e6db53ff98af1c297f	王観	オウカン
10587	a0382617be542743e011bdae36103b07880b31c6fb6ab60332233a96be472b0d	ab58f782879abf0a3e7a8aa5863e72230adafff687cbc92e7a6d318d81ffd4e3	王謀	オウボウ
10588	6700b82f70416bb9ea6413b9c1322bf852162c76e64aefdc00ea588b3af99631	e0329bb7a50fb7813255855918cbb5b37816cbe72a028eacb51fd1b80c48d62a	王連	オウレン
10589	1850717b8a839b77687c7c97a90cc4acce5f31e2dc13e8f2af7402c82b7a5827	ea74a0227801427ea9a20bd574a3296e8a0ab4fca914ce8ac9eea4b248078fbb	王門	オウモン
10590	e0df9fcccdee2a422ab1724695900e8b96d1a774d6dab16de98e8f391bbd17d4	d738c566c40bcba4f28b5110147f8056e89c9a34fc20bb241af1def57e785308	王韜	オウトウ
10591	b498d6a386f7ebb527e50daf8103ec868b72d55322372da46142156ad9c9be5c	bd050bfc11ddca045205c6526f3e16a19eb02656b54181013f25d9b737c08280	王頎	オウキ
10592	3d1cd695ae434e1fb25021a4f20b38469aad9b933ed620e26dd5ca9817dab8da	8f16b6f01815400b458057adffd962e405b7892cfe1cd2fd90fbddcf467593d1	環氏	カンシ
10593	b86c6cdcd2bbb17de98d6816be999684021d1f2e63f8558de296664ea0a1dd9a	4f790b63ff687c8ccfc4f92300d8925b12b7c5e2ff607d5acff63366eb5228c2	甄氏	シンシ
10594	ac2c312f9ced4447b92840bd6cb458fc86c6a61e5c4523181310a58b261f75a0	9b18be16bf7908ca441b99e49308f959dce419b69e8b8154db354739e9896e5b	甘寧	カンネイ
10595	990296f0478030a1f70bea9e53aa383f349aeb26f31eb2529cebde90375a1020	0c5c63c6db2ce0b6f006a2f0715545a9f3404c8534b7c8dfc7ddbbdcb59921cb	甘氏	カンシ
10596	a538b7a9fed7fdd0e939b7f7f43cd94e58329663a73085215ce323451e5880e3	ae40bf22df89156b3f12f086756774ef9a5ff724ec6f45c72e7a8728a3fd6820	甯随	ネイズイ
10597	b50f464688c94ab00a54dc2a229ba931f36458558d5c62dbc9cc5e6b009ca42c	f7805c94fb4182fcf737ba40829fdca6b2d9ef12dcf9a8a8240e3e46e467c62b	田楷	デンカイ
10598	28ea1e360c6ab7f8e2e803ad481696f7e73a6d50a6d9b8f6af487bf5a929e2cc	fb22608df1514869ed2c0b9a002d093e6b6a763f366270b07761e0ec07ddfbfa	田疇	デンチュウ
10599	2cb802a873bef8bdcdcf70af3b68e654ef972cba720c860915ab61b12908e889	d80d354cdc9c31131b7f4333ddd76b704599fe34686991952d6208cb008ca30f	田続	デンショク
10600	a65a6f07641a276ba959d98d235f66c8269c47796c8aeebca53d447d74ccc1a4	a3431ae17004e8d8770a29825a3c716f3fa5f141afa664ecb67402e469515992	田豊	デンポウ
10601	c7e0f5999ed0ead77b7d58117ed0048601e4621b46033c07ad7ec351cce589b4	6fceb8a079df61790eaab0e225e6445757b5e6d2e6be122ee5df863066cd53a6	田豫	デンヨ
10602	14cc60d1843f726e9b6daf2cd772007d4e8c13fb949dfd5195508ffc9ce82780	dfc65ead8f74b1e4e1869f0c5c7d632d43412b72429f264f7cf7543951e1c66a	申儀	シンギ
10603	c865fd7f5750dbbdbde100d0eebde47e870b638c419f4d6236521bd0d5e60f40	97006de877f36f08bfc6c183b7a621fd7175a80b523e1aecb2c30c9b1bc5f44d	申耽	シンタン
10604	a7c24f04cff98215f6463c23d4abf093eb5053ab8fc51a270dbf26622f1417af	0c6d530e301b8cea33c559cbeadebe49c5a8178e3efc21d971cc401673f41f19	留平	リュウヘイ
10605	b57838f5aede8561f20b7ff95ed5fc7d055a269a2fb67aaa74f583b814dc7a01	20ec80ab8b54787b977b4b1c729202dfd9dfcc8139eb358b20d78e617c815f6d	留略	リュウリャク
10606	b25515c67b3af399273ff90cf0a08ca984446137ce36a5561d7d843c4d5914f5	7af71d449c74afffb37b19891ad373452c0a9cea9b9fd703d64a185fad89ca0c	留賛	リュウサン
10607	df7cce22654c5491f693e1a318f51ecf541d59dec6435486c1deec47de543001	9653814fc2cc6f6b6b367a71489aacd9b1eb3a88cf2d2ce269a4b3a0e6875be3	畢軌	ヒツキ
10608	4e4b4f3d16b7f228b189d05b77ca3f4f50f732883a5e3a81b55d6ba2bd4cf692	7c885dec5642f2c441462ed50ee19cf8b3a32be5e44726de57c58ffba5f94b8b	皇甫嵩	コウホスウ
10609	8d017c7c97b0db31ed52b4b10d5ca67ab043622642376c02bdd8d552989ee466	eec2f31d93673942dbbc73bb09555c3a758e6f34d6dcbbac70c61a844b30d971	皇甫闓	コウホガイ
10610	2d0144fde2b10975222e4325cc47432bbc5a62716453da1b0e493e5550f46855	9032d8434f785a02b82d9e893023f5b37787b0d602cfa64604e1fb87930ec0e8	盛曼	セイマン
10611	e2d91426bdc50b92b12d56367f0a3196ab3ac2298100ac6d0ecf9cc2820bb6a3	87e39306b9510b47149ff503bfbb0ee7ce3bce67f18d95ffb260bc1a56a25604	盧植	ロショク
10612	bf3a3a0706daecb12ddee6e11bffd55bd517bf50643490264ed50fc8488f1d7a	1f1ffc56b0c20faa5fc0338a62b3acdd03671038d7529ae7da0032b2f51016b7	盧毓	ロイク
10613	df3f34fb649ebb82b3daa7db0dcd22efc5794c905285d48bba3fcd11a7924f21	5a1ad322bde0541ad631ae99d10e7b1f33cd8c9d20deea55c84dacc632704f5b	眭元進	スイゲンシン
10614	b6711e1b6c91c2907574e7a10baacd551f39da39671da87eece7c89b3e533d86	f9368aa82519a2f5b0c20884deb2e57b361d37eb7820d96ae86a4f3c3b8dddb4	眭固	スイコ
10615	0155dfdcbb6c057285106a42d2760ab4bd992f6712056a591ad57c06fdc380ac	aaa10261efb3c0d74a9ac761b77bbb453a85f187fc4936ab1bc0fb3af9471c0c	石苞	セキホウ
10616	f4c3d775604d9d81367655defd8268f95f1473049a24917583407c695647643a	0f94399785460fa570bb6bef3cff874cca1a6794857c8c92632661b07bb087f7	石鑒	セキカン
10617	008afae26ad4ecad300b4e9734a0dc5ddc69e6168f28d1137a076764e98ee528	3b18dba8be2e299d5c3c690c5086520ae4a18be8c133d80cd75d5dabd4e145c0	石韜	セキトウ
10618	b63babb1c996b280891018eed6d0a20906d838ff7ff1353df1da4fc6f54bd0ed	32322cc671ca9ed6f0e61b0a124d9874417b19a3c3934bbd06211f93920d4bb3	祖茂	ソモ
10619	d0399b7d1cda4b94f697b107f34f5295420871ac285d76009cf5cea1a4982f00	bb777ad7defc26873fb053d663a98c9a5669f0595d5d2135e689aec38e56e6f5	祝融	シュクユウ
10620	0013b91c5ec37c44b18538085423aed21ebd2bd7bc67641960150fe8610ffb53	5e7b4ec22406476a5faedc6ddaffab338c8584a2b006cc04c0d1633f1c2fa3b9	秦宓	シンミツ
10621	d023a43faa230cd93e100dac43023eb69342c9aafaabc6c5ac3a757d6f364ab9	c56894fe383cd6553a149898fe99f5a6ef1a48d035c3c2f58940b9e511dee9e7	秦宜禄	シンギロク
10622	1ad7d39261665a786ced180a1069edda5741ed363a0817f3f2f55f04616b9dd8	fbaf33c4ea6c5d96f139e1321562aa09fb585cf5120b49eaad6d1aad786094da	秦朗	シンロウ
10623	79b1aa587ddddcd87625474e50428e778a50f3fe19cd9f6b2f6445da5a244fcd	18b00c67ccb644907fcd758f24ad07c5e199d480015e323cd01c0c7f62d92fab	秦松	シンショウ
10624	18aabff2d25487de9b839e3499627bfa7b61662cd09fedf2da91afb367571cc4	5dea63049c94ea9778e5c240b488ede77ccd2b13f5e099f3abd5cefdcf3491dd	程咨	テイシ
10625	7e4c5ba34bcce18acd8cb8c18169dfc182e18cd5109025c132d7178c86d28f10	9d75fcc2c2d7650a4639da5e679a3fdbb21afbf15a8d579c06846b80090425b6	程昱	テイイク
10626	5b837a2776b3f18336af857570bd50aadb49fec0129ef3c423dbb46de93ac466	c098bd9e4043d6c32ec207eb797e2789d20445a46d33b0e9d285e3bded7c1d34	程普	テイフ
10627	f07365f56d07bec48baf39556301e35b59872856b286a39a520f49c3789ad32b	8689e454a6a84efa4bdefeb0c7da191586effd25be998071416fdaa1d32640d8	程武	テイブ
10628	1f3e475081538b5774b12a0c856e44b75fbd5078e2a3bcb8d27f28f6e37f135f	8eaa9883fc471a08338a326e4a43a2256234e50f3ded66722c9affedbcb53670	程畿	テイキ
10629	f9bd23ce8d21048875631f514a34dcf449e260c205891c36b7309b68040d8587	9748a2c8aec9e85b0f2c6c88efc86268f80cf4cc6f1d5031b384660547d0508f	程秉	テイヘイ
10630	1bd96dd89f09c3e5ec90da76ee7d0765c58d4455bcc5c31674925ed118aa250a	600807318c1efeeaff2b9e1611ab8495438ef6d5207e97eb837a1b453b878933	程遠志	テイエンシ
10631	fabda18b1c76c176851dc2d23f663dab579f533908f919100f5f172ab4a52294	066da3322a8a20839f2f9c0eed93d5298055df370cafba1423656fba9627c88d	程銀	テイギン
10632	5ff6df99232e956b025a070209369e3bf07e825961526026590ee26065a9f666	7d0893afb026873e05e05dd6bd538af9e6d2bc7c2431228a516f0f9191d0518a	穆順	ボクジュン
10633	bf31b34850fd73910414825569e6398eba0fc6607aa8a0de5848128a55af8514	fbb0b7e6b5faa83cec9ed44b611b076401bfd1c82bada6ab733709e4b1d5b104	笮融	サクユウ
10634	3dd7ffa5d5e51c7a037a66047fb59c61bbebc920af67fbaf870a2fe4592616d8	c8012127d9111f7b32dd3ed8e5f82c96c4204145a4e510ba6ea44889add3477f	管亥	カンガイ
10635	dc3b1688626541029dedb1e44a43fd1e26eea90616d03f5bdbbd07dbd88ab8d9	4455ceb03ec5aef4e853eee0b07acfe1c6be3b9caa12e08e694a6f64db34593a	管承	カンショウ
10636	643a00a94d6ec05d4888fce08f43b75ac901e2d7bbabbd6cbe28ba7ec95ce924	07b98fcaba93d81f1f347504e76eaa9f61378da8e0a81b50b68fac1a0f1dfbb6	管統	カントウ
10637	0c0595ea733988840149410f0af6b4781935cef534e97c4e347fb54e474830ea	20394b188323f5450f6f9fd5a8c065a46fa4753fb06730a977e79370c3b52035	簡雍	カンヨウ
10638	b7f05187b4e8245dad5380e9781c3f4f740f91c0a2faecd995c0794ee92e6db0	b3383fd89a1562ab135b853df3bd7df209a5bcf513d9125bf2140e8458b5c59e	糜氏	ビシ
10639	b7ec5945fda1e6dd7be2413e64482271520144bb57a29c41d3b025922f4705dc	2697f94503810003c6a8c2da3741734a6250fd357476b45d3639d54b443d9c37	糜竺	ビジク
10640	36f9566fb446c26b0f59d5bf2aee6636cef8cc08d0c4e25aec58ec2ae3c47ebf	7da4612dbde7685d360d56c1d4c1a4528d128b5c88c3da4cfc7e7c36c9ba424d	糜芳	ビホウ
10641	5c0fbef2cb5f0c47986fa3644dd420edaa4106597fc11e21597c625f0c4f661a	79ef67515a2a5d8f405745bcffc3976a45a8adf001152e3a1f9147506db39020	紀霊	キレイ
10642	09e0db805d44b721507d52dff5c128500cf273cd3c3144c648e8ef87a0abe486	a7bc15057c0a156f0ca28cd1eb2dcd4a9a21f72c11484930591cc6b256b0366c	羅憲	ラケン
10643	8398346e2d10389ce6fe3de4fd7ba05fffe2f6d4942bbd3ab9101ef44a0785ec	0226056b8b97444e82186632f738a0bb084fcf5349d3734d71a5ad01796d453f	羊徽瑜	ヨウキユ
10644	951f9af0339c100fd7fb4cfacbad800fac494dbda7a02faf53f8503239e2425b	067c6eda420008e13084a71d472d8bebe47b2b43d83ce3f65a417f57e8423053	羊祜	ヨウコ
10645	26ed44bbed4ce3bebcb00e15d33b22c9849c33bce325a3241d8d91f0a40e152d	e5ca703c4e1c15e8357156ebc0a359eaeff134d3ebafc6880ba1e03314a424e0	羊衜	ヨウドウ
10646	c4892ad414de450e1043b350f5885c71dc21f5bdba88311991014a8b12a2e6db	2252e575e52fd00e123a8e011166f5a88a8a9bca1fa1cbbf0de0486815a866eb	習珍	シュウチン
10647	e25c8c59231253d6e7768e2118e62fc6f978903be2fdff9c0452a5b9306d5ade	91181c35e5a2873840c59e0082a86c7565535122e6de6aae65dd4614d3fe67ae	習禎	シュウテイ
10648	48947d4c8dc535387977f5cf63dcb3822e6f33470e862c03d8299d2ba971567c	2b86de8c0200bd60941d5fbd2fbff149f9b37a19a89b3868b317e5a23bd82200	耿武	コウブ
10649	7950a9b3c8470f337c8780476b1452a5c6239bec0974bfb2983e4b99006abd0e	469815e3a66100cb13c22b00b9f903319e1d246419513258e77cb88a6f9bff82	耿紀	コウキ
10650	b36d80d61b7c2f25d44fa1aafddf89916df4a0d83fa0193f060fe2bf2f1c1d0f	ed1c97eb0ff1989e777a5171f801a92636577967716eb21972d2cf752ba7a494	聶友	ジョウユウ
10651	abcd6cb96646d6e4f8842416c2b35ef3db6308ba6b7a8903dc96201b2902d4e4	84708592695cd33582d9aec80e8b90543e64886722944a950a37e27268d4f359	胡奮	コフン
10652	33dfa4645559c8f175d9710d1a40a10c9ab255c8c466787a82ed596f4677b5b4	97aa4277da552356a34d27c3355b0ddc1c7a18ab7ce44cf0bd4f11de51d75687	胡沖	コチュウ
10653	2f181d55f9291e05b8efd1666b825ac526437af103a864ce9ef6ea1f76fde758	692c962b3b5655d98115ddd274a9a4387ba75b0eebdb3ef0451ba97a51f85eb9	胡淵	コエン
10654	3f0acabbbacc7b69b3c239d348eddf9316b3b299f825e483bb222053d44f4831	300f916f34ce2f158f00028a268350ad59168cfe17a5de7c48440a4e3c4b7115	胡済	コセイ
10655	6ffc63ca321a1e09c4d18202542a0c31cb870ea024377299f75c4a7dd371feb8	9341cb328563b52ee942f996855cc9e6fe0f518ff2523902d98d14a7c8cbd01b	胡烈	コレツ
10656	102728f7cb9b44fc666196b1fdf3f52dea5a6f0418d3412154365b3773b17ed0	8d272d37ed99dfd49d059daaf5bddf4facbc691ec4aa92a5709f35d4db4ea251	胡班	コハン
10657	6bc44696b2e020f1cce0760ee5d40f71e0b90fd5e973086818f957601e62140c	aa96989a1d72c09ee1e829afd7dda61653676335e9c3a367e84aa4d850247a5e	胡綜	コソウ
10658	f92217752f66b34bbbd72bc698304e3784785367e25bd4f4c510dadca0658f41	48305b170d4fbe9b4a276eddf95aef664c8e6379051d489aff379e80f8e1c016	胡質	コシツ
10659	ccc5287abd0b417f772db3061cbbd16aae1a0c5ee390595d8092f8b72ef8cab8	849063a61abcc138e70a8dc5b22644bd1a8bfeb550c27817e6a2326170205ecb	胡車児	コシャジ
10660	fde9c87a3cfbbe8f1fa3ddd6d6937aa842b82407be3181d7032df64e0ed59f9f	5e96dd735daa4231559ce671ad0e7caef504c049eab9f6451463d2026b2021ca	胡軫	コシン
10661	8b1ed9338dfaf6dc4d15bbe0d6a243be97bdcc891122e743bd8e1c183e5ec71f	b40e024e19427fbe430756819d35a5292575bb4382e064921c559647ddadd224	胡遵	コジュン
10662	8d958f26e81a3e91649fa41038e8fd69fb06134395ddead768d796c897b05539	a08c3b4f709dd06d841081e33c386caeb73925fee15783f197beb3db8aa46515	脩允	シュウイン
10663	0030d2ad9228795e26d0bb2cb4c934167aa33fe4cbf78440d9641b3a14319f09	69f4e7c381eda0903877c49e0a1b36c7e3d19e1c06cef6a3d17e6b78d8a67c99	脩則	シュウソク
10664	483390b6913d2cd0768d975abb7da74e9b0d8b5bea8c64be8bc1c28e02e8164e	1946d498e9263faf385d4cb4aece7912cb5bcd3e744ab691279b11ef8624bf70	臧洪	ゾウコウ
10665	29a6b9efd1e60dda2e4d81bfb6092093454e386706586fedfabc208889ca931f	d336ef21abf42456f548e8da4efd1d4f6163a7f9a395811d4442cde2e35c0c5a	臧覇	ゾウハ
10666	525df2e1ced717bbabec6bbc6d780fd2e2d1c6804963a78c2b63d23e25be167e	0536e702a840740984bb35d9c6f4ba8dca291d1efe16cd8f2562155c5e8aa61e	花鬘	カマン
10667	511ba67b0ed52668106563651d103e53a2a0ffea758d31adcc9d03e5b5b00043	cfc91fdcf9d9e063c448f7f8b26950a6a87686fd6a76fe80c80cd3f5deea16cd	范彊	ハンキョウ
10668	e942748b302281121c6be8032ae4f648d1689951685420849d354c7137a88896	69d19592f2cbf676a5961f66589d521d77659525fda99034c04086f125ccc430	范方	ハンホウ
10669	0b333cd5d65248b5b21d2a21670653b0a0d49499f3412fa2d164589ec2640a70	35eee70a73e78c3febda40eb50d5447725b0bde366d1fd98c97a648feb8552cc	荀勗	ジュンキョク
10670	098f9f34124e361c8ed73194a5f9ea5f5d21425db25d07e0f1155d3707b52850	1e20799f50642bbd5e8ad5adc1fa94fe6b59bb9b1b24e53a0bbb9646c01011c6	荀彧	ジュンイク
10671	33e668ccacec01432554046d5326e565807f7156e5a86dac4bec8e91722bab89	184dd15ff22c1bfbb08bfbfc9b48956623e22af6e9ee7c6f0ee1fed0aae42229	荀惲	ジュンウン
10672	8481189489beea2e11f4424aa54720977882d1c949bbbe6ae3d6b2509e9d66c5	660e31cfb90ce0f300a92838dc7186bb6e742497c4b198b8964028c830dbd5ba	荀攸	ジュンユウ
10673	6fc18d7cbf8837d3466b2e00ea83c5b10ba1f0520ce49ba00330d6d19be17fdb	a618c52e703cdbc8a30702d6e39b0855be8deb54cefda49f39513720c399fe6c	荀正	ジュンセイ
10674	28556ba66c9afca5d1996afb3a43431bc34a2147f0d40fef1aafbc34f89ea950	8dc909f4775322e36f8990248d2986478db869de6a86aaea0ccd8d19449c9039	荀爽	ジュンソウ
10675	b9e49c9739cfb778b4911498fef9afc07fdd10ed19b8a774c94a5cd79735a94a	96c8d5c3c293025cc60efe998405f8ea51650962dd6850cae3122345c3368246	荀粲	ジュンサン
10676	1b85d92a1b553b842100a296a91e0551940888de87d99e485231442dec3752b5	83b5abe8165a41a619bbb5a09b7d11a39d077bfe608815c90ba258c6626bf4ac	荀諶	ジュンシン
10677	36abc93a129060b3425bec768c9852e7c89ec5981799e34453113243b3804b91	47248608769b4b98fd23a71ede3cba4631362c7e2deb02f4e56db540d2deee5d	荀顗	ジュンギ
10678	bc01c6fc6edb75325d19b9f21571ee91c6b86928b80e1f5b0f4c3c6c85c81ad0	77265131ec335e65451cf114e7011727880075addf2be0a17a4d3ba340ba9125	華歆	カキン
10679	967e3910e2e9f73da3051a822f27e06352092de56f5f3e8836830a8925e727a7	afb1bccdd39dcd0e8b1d1a2058685ee9dbdb58dce628ef6a4fd43f3b05d1277f	華覈	カカク
10680	306d9061978b7c70edc6766c9dbc542d54b8b4c652cbc97425b529e8217c926e	5f8e7373c581803faaefdc95fb0bb0673ae7039c41a55055624f21187753e8d0	華雄	カユウ
10681	d92810b264904ce0619d103e72b2f604884ae5eaceed965351f0ba9d80b65648	a16860e597dfe778a83224fcb76e067aa266f2ff6734924cdf0264cb3b8568fe	董允	トウイン
10682	17d34ad7c16a195d72ba89c7ab3ac0a284683703af959758623266c6c22097ac	f92ad8572b48168b0f81f62b5c50963e3e50379a5a9da0bb150ef184f26588a1	董卓	トウタク
10683	814117619a97e3f203a027937d21e012fc1b96f8f4a213629eb7a39cb60981d6	0773f44ee4e6d2fd57b9f100cb8c198e23b31dc55f2670df7dee5306f3123535	董厥	トウケツ
10684	0e33df80cc1291920deee43736a1342a9cdb04cb22fb6a0070c14b689b9261fd	78d96b791eafed8e47073b3952d138186d7934a3d4e09d3659d7bd03e03f0217	董和	トウカ
10685	8eb209a5f4f785b31c20ed9888766349c5a6c98e34b05e01a6d412f67f11814d	e7b0c985957259b9bd12a59bddde23539562a661425b427158bf268bba376e0a	董扶	トウフ
10686	4661416dcae2c44a1c4fc2cacbf66004a90dc0f59396d4d26f9ac695415d116f	7b1929499c2bba12b206fad55568b126faeb797c401e215c1cd950337e4779ed	董承	トウショウ
10687	383fb90efdf733f76662cea178a0b2d2d2c189a3a2fe3e4f8ba6fedfd4e7c09b	3283a4f904222d0930124844ac871babf4439406e1b5772ea456cf23b6a31ad4	董旻	トウビン
10688	5268fd4cb061d3938208b869fc93a772ba36fc149e5ae6df33836063559b9ccc	5eafebe6d9761f4b0fea4d7d6e99c7c8fe5cc404e6e9350c52389732f0b41837	董昭	トウショウ
10689	54ad112a359bf4042c92d975cfc2c024b6dfbeaeac1f2777f0f60a6c3649479a	75ba476316e1bab5c55ade8ea2a8830e389bdf691d79130a55cd4a401b3aca3a	董朝	トウチョウ
10690	65ae0366bd3185f5dc40b4a8704d3a75afceca716293fec7f8b6b5797b66e5a7	3ea7c599e1da904b28c4da4e0f0d3b42d8387df18e86b0cae06610d25b628557	董璜	トウコウ
10691	bdb849a3a823b97fb6047810098a4901fb4109fb24a6a63d1d6ee466a78fe865	d958a943853dac63954e3d68d23e8ee1675508f529a792ff42b33d631cd879c6	董白	トウハク
10692	5c3bee033e3953a76a10bc0295ddc3dbf70828cac7dba3112ed42e7289cafe67	ec4786b931925f468e2c247cc2b02acd092e3a0f8ed92b96e196c5d23b906d4b	董荼那	トウトナ
10693	d44e26e4b8e95a0246d5e781cb186b664c10264588f2ff625ab63e2bd3d98b90	c31ec489cb11e79e08e05ae8f511dfd7b99bb80941c7f5fcd8af1f5174408669	董衡	トウコウ
10694	a7aa141acbd7d77f8d65cfc298d0f6ffe7120809538196cab4be73858cc67da3	af09213c6edd8985d9b5afcfd1951bf801bcb5899cbc8c352cf471a3b232f26d	董襲	トウシュウ
10695	2f2aab471c1694a2904cae51e3c2a8df9985c44ee12d1cef9b9a07a1022804fe	0e0da9bfd2aa76328fd987a11f7b846272b81b5d9593a00278258a9965a88be6	蒋幹	ショウカン
10696	625e20f6f522e0cd663e4a9c6efedc0f3a54ca5f8d224a39168c446605407d47	604102ab384989bf1216d03e835f670e8c130eb9c458ea8d9148f640d4956a48	蒋斌	ショウヒン
10697	5f319f07ff13273227d47782a7d6dfda4741a62613def125c422e262923f2742	19b254bdafb69b531cbf87ed87773a16fb7fa87734b3a31b2e732303ee53e4d6	蒋欽	ショウキン
10698	cf34796e073aa5f06664c40ac50999cb67e0d9d7b824d4b8f6cfba5de00bc061	4d640a275d2c6946ecb1493b104e060ec549b672c2fe7052ce347a554180b3b8	蒋済	ショウセイ
10699	75ab1fcd0fa996a5cb01a555ddb66f50a6294d27083371bfe1a6c917e3c7cf1a	242ffcc60793253f1b7cba02a4f8b907faa9d5e2eb576bfdd0bac3b90b745ea8	蒋班	ショウハン
10700	2cb23e881b19caf9a3ae35845c664893dd2c911879a8685adfa8cfb1e8ee5023	49fdb780b4530736f484fc29790a39e18f7d924b93c6f8c0eae779f976b201af	蒋琬	ショウエン
10701	cf5bf03c08eb964ee00bbebe403f65333f143a6584011db0053534b1cc98fe35	2b1bfefc91610505eadc5181a34ac3562817e1e0ca99ce0a7e9ea38d90266186	蒋義渠	ショウギキョ
10702	f3bdea119fc16cdd8e8c6b0e202a277f9e2c486cc415eb07ca7a8cc8bbec6e03	5e5437f0688cc81ea3ccfddc96a11479453d2c230e89d09c8717f4a495076c94	蒋舒	ショウジョ
10703	df4220d2e81a6f5ce95674da6368da4d5155f5bb185758eecde80a8020e74805	97ad49e393aef91c7724b8a786bb9d5ab11c39d4af0aabe6ae8749857344b3e7	蒋顕	ショウケン
10704	b49f95b28f0509f797922082b2be4361a2906c527772da74e52f70e8f3e2db71	6bc8f127384ab1963d3a269b9b5f3d29ad7c6bb2957b41f356937d2af9d62144	蒯良	カイリョウ
10705	59f31360e8ec2f80ef6edd0ff4beda3e941a0f8062324348bbb76942c67f3e43	87950aa6bd1bce8911138d9244a997e1d74991d89be235a012eef1212f658005	蒯越	カイエツ
10706	f4025c16582a9559def90fe8ebd53e646fb76aaceb4505725ed7198b83b4bcba	f4eaf099dc5ece10e412b0fec3c0723c76c4ce88e53012c123aee70a12436f0f	蔡中	サイチュウ
10707	3f0d09143b0c8fda0a689db0245a73df5002fab7de08d18608636d1774c0a747	8cef0d71b2114cdbca8353e215175a64c7f0ff5e036c9576bc18b0bee22e602f	蔡勳	サイクン
10708	9150f1b0985b96199eb255c8105d0d50ebee31dd8828a53a3bff874a2586fdac	6368954fec72c77fb6d0f08d9a4f0bb3a474bff2aaf37a4fe36c6ad5ea1d72d1	蔡和	サイカ
10709	f8e639aa156fa83199aa4aee5ff0b8f116fd301e1bedab66cd7b2fbfdbe19add	ab6049e9b90b97706bf06c7642fa776f5faf58ad8a56b7007713cd05112a3589	蔡氏	サイシ
10710	64c2e61187ad2b8a8831a9675dc440ad4cd9d3f68ae0795c2f886671ab71201a	38b946c8f05ced7c505aca2d5b86f93c68ea1bcec0a16296e98d4b29b8c5e863	蔡琰	サイエン
10711	c6119ef5fb3fd39d143a48d370e46326911a223d6a243a1278832bbf0bb57ef9	889c99c098a1b02ca4dfc2b7c52e5b8d3ad0d4cb9ddc69d256de3f4ed6d40852	蔡瑁	サイボウ
10712	c5132c7a808c2133462b36ce986f39729d1c5900d8555a6b69e20bba9f1da4c3	7c9acc1837eba532744182bd8554da11125a10272abd5eb92614305f1fc06a3b	蔡邕	サイヨウ
10713	2a0cb95a1237282f8e60a34e80c68af8a1db01ddfa867c97acc3f4d570274ad4	cd08510d512eba304639897d2ce035f2d0952c14c7c7aaef6ef1c37f9e2142f8	薛悌	セツテイ
10714	ebea923ac96da46e0716a48b42310f1ebb9a1e8228bcf31fc04542189517efa7	29b155edee77f1bbe97447aa0e64439590e867329f7936804e7c123e471f690a	薛珝	セツク
10715	e9fe3d7e23eb24cc205ab23aa0037e84922e0b031fcfc139d93408496f4ccd2f	416b2fc51cc6964ea6319f2f8341d59f5a3c3f351c4469d8de6d75090122c6e6	薛瑩	セツエイ
10716	bbeaf2a7353789431c7aa0d791ac217dc268898660d920298c4e6f42ace94d29	f3264595acfccf619deb46004c725ffee9345d3460dd64cf55e785cd619f2626	薛礼	セツレイ
10717	dec864acc7b5ed0307ac3dcd5404d6aab26ada2148241af14ee1c4bd697a7965	dcefc81770e914e589f5851c3048177d777031ff8e966bce4d14b7a70ba90054	薛綜	セツソウ
10718	5c96f2dda50358ba43599e5f10f0ab6e4e88f9fb322dbccab39aeecf1c64049e	1baebc6acb7e411682272c2d3c681c38b07d512e67962692832a69b75a34cf40	薛蘭	セツラン
10719	c224e220da4e5fcf497527fe37f261be2e46f75849ddf8d7baf0d4bdc20d7429	1e8803d5173f417c2160906b5874260f946466c6b22ffdb52ec11af8360b8d5b	蘇則	ソソク
10720	86c0ede6f11c426910c52d892dc12e8b2671eb576d010a511afd28c0d9b3dcde	fd20aa9534b452b66e61b91338bfc499bec70f80f1717a3add63e8144ac37eb1	蘇由	ソユウ
10721	a27cac6768ca36d706089442a3829ddc901ac689f9968115ac301b6a229d9679	d5dfc6c1a8cbca3e2f5c8cc9d9c43f029eaeff4e50d6e3ff3e870808911ccd48	蘇飛	ソヒ
10722	444a356a300af33bccadd23c1644ed14bd95ef07f18b6cc6273cfb5680276cb5	ae65128f0e0dd2dab0156aad8cd9332d122a82a0d1a0a1901ac3b906136acf50	虞汜	グシ
10723	ef11eaf0fd4d30d50353892f79fc324cec04e3b2284ee2f853292cbbc0f1233f	5496eddb5edc2dfe4cde4e04e4d838174c5366e1a6191a222ff3f6ae1325318b	虞翻	グホン
10724	6b43fca474ef587e07f4531c79ceff745bba7a638ccdeea9ff3f800d49d0b5df	629e84d9fa7cb2b29d4c89f84c1e4fe6e7ffa352dbd75b667e7e93eec4c2de7b	衛瓘	エイカン
10725	7abaa535c90c92d60662f672a135e03a927f570a5d46eedbdf329a9cc7d1963f	ea1da548906f20444b102f6547d1c8d6f8fc5aa149303e4b50406b416dd05001	衛臻	エイシン
10726	3d445f31464c4db9eb4e982f9dc7adaf0a46faec92e8c946c5da7fb665661317	a313929dc6992dd2224a2556f76d71cdcc789a86a89026b4eb3c9383b5b71983	衛茲	エイジ
10727	d628bb9737d3325af97b9a83900c75e24a5db23ca5a42afdb35562e870dba0eb	2c40af8f15752d27aef08fd9f2e8e255ec00b1914ff721560ba9b59980b8e4d4	袁尚	エンショウ
10728	a6cbebb056e32d99efa7b69e45e1e7ecf2dc65343f37c1403161cd41bd8b8dae	9c57f11f42bdbee7fc3ef726369a261cb35badb1b7e6a77268b71d29b3cded75	袁春卿	エンシュンケイ
10729	2c4f71382e2c5056e36a3bfa539ed7a8ff90c83313dc56af936e90a31c159e17	5a428299face939ac3bfa7d8a06de9479e1414b8f2138b67e7f4015614ce3eba	袁渙	エンカン
10730	865a602dcd21d148d94e7d6b0dd38d6313a52a2c14dcea0792923d4f034fd1b1	370012395fd295d046cead05b15ee926f87cd9f0395ac35f576d76e8851575d6	袁煕	エンキ
10731	a0bd3acc1973ce85493b0689e4a83c09c555398ce8c02972a363fc6080b877c7	db1af996daad048619933ac09d649e4aa7df561ba2b082003b343384c6aa25ae	袁燿	エンヨウ
10732	9dcc9acd435a51ab42bac1bfc614cedf2f53ada70ea50fef0a947b549fccd5da	070284fadc7a62a98347b924bc7ec59cc99b6d0f77e4798fdc4f5a35cca79eeb	袁紹	エンショウ
10733	66456ff72b4113d46d10b8d90b2cee9c7af067bd35e0c29c387fac768d38a782	fd93bdfabe8fe3349f6d5d03e240a265696678d20d10ceb4a53b993c8568c85b	袁胤	エンイン
10734	cc086b19f155dab31b9426431a50ed6576d7e2f72e93ac445ae817fe42167d19	c64c24f638eb3cdf55f339a9a91e750d7537daccb31f30bd1ec7d6711309cfd5	袁術	エンジュツ
10735	8c1d40b092271ce34853b6ecf85a2fa7be395c31a3eed30cfa2a5a35c37c0b53	fce9922cdcd5f77d5b1c08806e4060816439ac4e3f134c17bca92fe1c4cc74a4	袁譚	エンタン
10736	aa4ebe1cad81338205743583eedd1d5bb02d1ed1248dd3a9ac67f6cd16260244	db8720f5ae9ecc7fc9af41c37ddd317aafc07b16e0efb3a0ad9b04ce78c4dc18	袁遺	エンイ
10737	96f98f0a4b5f2a5a37ef90cbe167d086739fa9e791534f729b32a8f4d8d477a0	c7e9a2132cdbff76c0743d088d1b49bdb4d71d6b9b3264476274daa41f866d8b	裴元紹	ハイゲンショウ
10738	fcb906913a671fee126ceec9742a8dbabd0ee3ae64fd25c495608707e4673635	4368f95fb8643d2ca6562382fe65e98dc3ddb41802578a510bfb101361b363f1	裴潜	ハイセン
10739	0618302911fefb4101d8d1c4f5de31bc1957867f4da355f3cd4ae9ddfe7215dc	1ca5a66437b68fb4b4d6934327dce8de12b63fe35f207cd62626ffa4ae3299a0	裴秀	ハイシュウ
10740	f5313ae340840ae37afe703e1d94bf3e563e236d156ca0887ef6312b5f489f88	88ca8ec1a58ef2329406b524fb74f5c06e77313cf74ac796d840be0028085301	許儀	キョギ
10741	279d2c37b3370331d605a0d1911f99bdb0e62193c9476874a7c5edefca284960	40c5947232bb32788161e61679214f8ffa86521878741d279b84e7c07fc75547	許定	キョテイ
10742	bbddcd77e4be424322b968a3311da6b543fb86503f48190de608a41f1953e767	501add5b9dc0d976b231068ac9518deca32befc44852e5dc2fcfd04ca290d3c3	許慈	キョジ
10743	87f686940c1da95cb225aefe4a4aef49a0a4f618cd39124e7e33344b68a8faba	bc0c59ebe48d14bf5d5e426216a1c0d3b9e62835373a647532d1b083af6b8e0a	許攸	キョユウ
10744	ad1bb28e78cc741f56a5799d0704560b2d4682edfbf322b9151beb7732f8c8d7	12441653b43df9e8bcd406eaf1d5aa54e4b443256756167cc02dbf46f12b1383	許汜	キョシ
10745	32103a40011b436e01dee9cd1c39b6b8910a2e3072b2227cfc381c150dc2423d	73521b52662a2b054a960447c51c4250ca6aa25d1086af865e4d92a8664c972e	許褚	キョチョ
10746	b998fcf82605bc5ac4e1a50bc9328362a649ab0fe9e01adf819b9ef35c737c7d	7381be0118c15ef02e7ebf7f59dba504670fdaea4ffdd93ab7251546d88324a5	許貢	キョコウ
10747	f11dbb7416b75caae609fde2586cdce2241e4c0d40a75fb2515aae3143b4e17c	5d8a430fe2ce834220934a32b10db1daa3e29c5fab8c58932a8df135e87284f7	許靖	キョセイ
10748	4f29817235d9cadc326dd8331e33c38ac6287a75a4fb5be196d0402b76e5b65c	968761809dcbf4419e12cbf2676f7fa01f0ffb327e127bee3eff4ee72a8e68d8	諸葛亮	ショカツリョウ
10749	3203a6907d06a7f947527a2048dddff1d18e42557d4e4d2033e7b83f5bab1dd7	cbb8f1cc677ffc6405c9edb2131fc8d4bcc547ee433c068d5914c9ac0e7db247	諸葛喬	ショカツキョウ
10750	e396baaa6c1c4e4618da7eafc9e5aa04b93ed46cc1d09acdbdd484d6b6af2392	05e1d85468079e753b971a74ef97092546c7518877e336de1651189b9412e966	諸葛均	ショカツキン
10751	f267309f746d126b01e30d00cbbf51a25a5743910eff32ffdb57e0d26ec42476	8213501953cd9328713dfeec199eb7ece7422bf4793c442dc2cf5877b23549aa	諸葛尚	ショカツショウ
10752	a5ba399d7154b4f51d9f03b503ffba6dfe217126b2713853e1fff2bc8a3bc74f	3352f867efeb61e331e642f7e353f12cacc74d4a0bbd9687185d3a5e7e67b5df	諸葛恪	ショカツカク
10753	de43f7414352049da1e396cd1a4bd71555af06b9980022e55b8a5304569a0cf6	5b7ec93a0a85648b8b9c7daaed6c74a71ae492b719ef5041ff56d213abfda3ac	諸葛瑾	ショカツキン
10754	9bbea62d16bfb2112fc2e884ea45134440e249d02deae56a73e6406fea79870c	1e61db7b954e2829e8bf11cd9b7718ca5758f52d0b24f44d1857430b8bc0123a	諸葛瞻	ショカツセン
10755	e9d61846e3eb338bb9995e5b08d23c20dc6175fcb61a7cf410b2de6e97a9ab96	1a7a731dde40f82a293e2ba3dfe291102cc772649c052a352aebafa85d809b49	諸葛緒	ショカツショ
10756	ff6a4a3a6d2639633de962c43af77bffa4c5f3c27c224cacc613527c785cf090	c50a0b45c4aae062996995680a3090d76e23865a3152145dfcc9d2297536e0f8	諸葛融	ショカツユウ
10757	84f56220337744aec7f0adda56759958657b96b56463c18326511cb04e79aad1	4536fecb63d85b3bfc63ddb4f305e58648a10c23d294d46f02fef67d94d24c90	諸葛誕	ショカツタン
10758	1fdd04bff035a33487a081283fdb7d6ce2b702708d17c4adcd4a25a12da37a59	ee5c19d638dff2d20ea33bf8b5daefde8d61b041f1cf3ebcc977b7e0b33c0204	諸葛靚	ショカツセイ
10759	72a57ee0a78d8a4aa7fb19aced5c3c9d0410b9ee0648c9e852464701fd65ad50	b7eb3dd27d08e3c87338393fa7f78c74e598c1971545e3569909b9cbaaa534d8	謝旌	シャセイ
10760	39fc8a3ab8f0456558dcbb7ad96441749a2e1acb891b7d92667da71794608634	2370353a47349af887a5fbfb527b411d4a82fd67b63f0c78d42bfb13d80925af	謝景	シャケイ
10761	b9c5275935fa8c751d2fc939e97d68a4e2f62a4d08abdaaa0660c8e752d670f4	aabf3a58ddd06117a1033988d9b592b43fb88cdb6208740c74be887ea9115397	譙周	ショウシュウ
10762	0cd8d062bb705ad233620f1bc1a033554d52c59f85dda4c387fa9d477501f513	6c9dacf442a08cda572a0e2239fe2128c206fccda0b6b95137459f72fd650af2	譚雄	タンユウ
10763	74a8507be3c1ec4583fb9be930f7a281c253b200fd5d77c39dcdd73be83fcc57	1c319ac6b2a524191dc7988289d9e4003d94fe1ce80d77186eff58ff1c7f25ad	谷利	コクリ
10764	2518a4835f86a2e0cd1d7eadfb670b23b928b6ae3793ddb87dbaed61c02e8fbc	e77b1a9dbbe05e7105401bc9ac51f63af8bca4395945ccb7ab6ac95371df3965	貂蝉	チョウセン
10765	f7ff63dd38a7b71630d33621fc563bac54e39fa53ceed28f2d7246dfe2efd8c1	03d630730e70d2f36c6e1511c2c541dff82b7252228013e934380c34bc7c6519	費桟	ヒサン
10766	1610bcc84c35fb90e038b65a2a4f238b65e05bb9da02fd8b1dfac8d9087d6e00	0adc20e43898d6b228427075b3ddeeccbd0e8aa8f592f1a554f20a4c6ed5093e	費禕	ヒイ
10767	6bcf1d7c99d3f4db8666c6ec68b651fba60d16702a731034484fb8739b3385e5	3e4da06551b9bd32cc3f044c9fb090c91819c88de78c4359b0bbcb0a17a26975	費耀	ヒヨウ
10768	7050c8f6fff7ce0e51f7a9958116b081a4155990fee453dbaf7ccf7f3bd98970	2f0a663923c96df81d630dd520583cd15fd24c9e2064ece95ce9098b96931785	費観	ヒカン
10769	bdd6e9d8e80279186c0c4f2921c4dc700daa816d2597e0e465c6ba96aea9b752	4036407272f2d7e2cc5d49860f2202d6172841351866324c584298c20196850f	費詩	ヒシ
10770	6f5b3e1cf62d6c5e16373f4797ecae013dd7163dc3723cd9fa41ec01f5b0b27c	415e54615da6fed81e55a7e54a952e9fb933ac21cbaac94aff49ef7427d84d51	賀斉	ガセイ
10771	74917f8e48bf2de981815615c623c092a25baabeb1db401dc7188beb23de1063	8ff299b27236e13d82e798857a7083f6b9021983fa73f2369fb2a96508e16d9e	賀達	ガタツ
10772	8228dbc4f59e918807ee0efbbaa1b3198fe3f0d4a0118c0a1cb3e7c73a79487a	2043d476bf9b85c5bc994fb10dade83bf75103e759782b5a6c4919327d096c8f	賈信	カシン
10773	e146ad4a91a980da6d37515accb50d639ea5111fd352e141cd0ca906869dadbd	3490d34761fcfb7d88760bb492d7630802f297cbae5a58257aa59a92f83c74ed	賈充	カジュウ
10774	5d42a9b042562b75229d77c00990f149c8262447786844b2deec09b1077ebd52	a7ab1a5eb17a1a3eac013345723cdbb1164a4da52ca110e495a01f0e36a58351	賈範	カハン
10775	78bcc20cb8563a114be52fd167ebe7d964754fe6c73cba9bdbd96604ed3b3011	68b0b757aadb3e2f58158bec1a5a3b2c07c1f394035031ee45014315ce2468f4	賈華	カカ
10776	eca11f52556e9df017b20ff5363bee02ee45d2a2956f7751fcb0b64996c5adc0	ecf3c229fc56e8823555f40b8a586e4b8593faf4461b3019e56bbcf8010beabb	賈詡	カク
10777	e75c6d7fed02fd832f057ba4b6b0942f5a7ae5acc0b89ab116f1a09c3ae7fb7f	c468a1db027a375400423cb68c7d3d4f17ad9f4f13ce84f54a5e08060ba8a67f	賈逵	カキ
10778	eab0994889e82a732f0399eb66bddd143c1d99c1a0c40218201d5bd32d9ad41c	f5d040a1543fa7b4ac43ee643f88fbec180a5bc44cfa78e09a23713a468c9add	越吉	エツキツ
10779	b5c380344ce0ade5ce38ce21c8894d2cc698a58813a901415c3b903387f7010a	161b54d787301dfb8b66f18eabf05955ee0dfb775778314f775e0ab1b4236074	趙儼	チョウゲン
10780	1e24293bc12b58399612dbcf5eb2ea063494aaee80df6fd7433f57164c5ed67e	212d1f1eb58eb6def37370781674e7c237d17b7141f6abc5642f8eab74adf95f	趙叡	チョウエイ
10781	4efce8ce0206c57c4342151fca3b21253c4fd3003e6986373392ed9d636e463b	71fd4a41226fea598360ef754a47406f334e10bbfc4dc9ec401ba5e8ab0b3b15	趙咨	チョウシ
10782	01a7cd79ef05bbe1b8e74ef88a5ffebd24a28467cccdfb369e901f4ae1649512	67dbf3287bff4b8ded3cb75a0eaf90ac3e682936fa7fe62bf73856bca245d9ae	趙娥	チョウガ
10783	8d20afcd73d0fa6e2f2301a92f4443766d3e1a8688dc45b371f7737e68c4ec89	742b2e2a0d7387ac4f921b39901ab70dd452c6478469065facacfa300b6e47fe	趙広	チョウコウ
10784	6148b3084c559b59dc91148d28ae65d5466644116fde9884ea8113dd9b54fede	33384220a735a1f1f4478ce0be5853aa0d198dca695e0ad69baf8938d818b054	趙弘	チョウコウ
10785	9875480dd065f74e2b7a0cab6ba4a96cb24cb7580fedc4aea1cd226572506a04	fc7b0949cb34703a9d1c9eccc5edb3884457b2c05fb666cfd79f82e09c9e7980	趙昂	チョウコウ
10786	b3dbcf5f9886877d566434758d02050bf9af6949e704c5a476ed32f684444c4c	b4c43b2174e0de96b643470958f22a07627c9536f40ce7b4a6ba4dd3a2876bb1	趙昱	チョウイク
10787	8b7080e336e1dcc8e3c2812908d021b9ef13622f00f2f51c8b0fddb03a5218d6	0bd111c0776fa2381e9ce01f8f48f614902a8150804fa76936a4f7561817954f	趙正	チョウセイ
10788	b70c7d0d78eb6dcc7a45f3287a4ceaecfca876b50130295e685c839055262f97	7bcf1c7d84f061a3c590380476ac71f5543e1607a07badf823c8e1693528c3ec	趙氏貞	チョウシテイ
10789	1c54d81be4b875dd858af994f3c8b86c11123a5855c277ed8c16e904da0d74d1	78ce5f42aeb2beafd341093d34ffe55460338f6bb969b664610de0df32d3eeb4	趙範	チョウハン
10790	365129dc30f06d39f4a9758bc4e432e2b3bda14251149b7ae3ba4141274a6b1e	cdfd57e113117c94692db6b3c856a42db7cb0bdc42c28f1d6b5bd4f36302f97e	趙累	チョウルイ
10791	cb7dc7f0332ec986c14f7ed802bd760121a2fd6520bbed33f5aa73d09cd7a79a	856cf134e9fb1db3221ab99281a6d02b7875a792c45643ce4f74027ac6e5bf2c	趙統	チョウトウ
10792	e1b996b3fd05d17b8cb132ed8aec75ddd115477f2d48f39563da59d8f603634e	7db5dc9b40d02f4b68c299ed73656182d321e9dd7f6fd7459cc2c0f65d3b2377	趙達	チョウタツ
10793	1527b1354bdd57127da2e4a02fb619cc21832e708731efd8de0ec004d76f0047	ed8e5e8809a17ce9c5403d909ad0ffb2dbddf91ac204c68e1044a0fa78a305f6	趙雲	チョウウン
10794	ca74383835143426af51e93a2b314d16a1f931504385227fd6c940d93c514ef3	749bc645b979bf2b7c2fbd8686758db7d546d94c147e8490b91b943e252951d8	路招	ロショウ
10795	a12b92708682bfa0868a60bfa80b2f2413d203adb89c48b8a0b87cdbe9627d77	50b3e71727aae95f516f6a6d051f5f7707760dc54d72489550f1245528bff014	蹋頓	トウトン
10796	c497960d4122d0ac1410460428990046c3ec308054fdf962df068be311941297	e12b2ef519718abf69608ee73be067814e008ff9b61ddabef139c862592ac03e	車冑	シャチュウ
10797	9f593f5d4c152b06bf2c3b7e1fa683f6ee42b2c668483558e5cf0cfa3bfcab45	0a4ec2d019b1475503daeb3fd82accabca015d4df3be79dedd97e8b80d8b7866	軻比能	カヒノウ
10798	667bf46726ab27d79c9d261931cdc1c627a552eb828dfe41566827c166fc36fa	5cd1c8f63985bffb0f8744d8279d05a68f99c7ceeb14d0f8a32060aa285cd82d	輔匡	ホキョウ
10799	5eeb0bb4c1b06f7c54bf2521821e8f603f5b145482d45ebfd73b43c5dcb42480	df59558de53c91a7a8266836fc48da98b4c102c3ffcc204c3b5252716347d066	辛憲英	シンケンエイ
10800	676bca0a1006dd031ae056324bcb5c2b4e3608c480d9133c2953125c9264817c	a4387dbd19bf88767cebd88215d0d80b2deb100a3176262e8d89ed3dc9ceca69	辛敞	シンショウ
10801	5d6fc8920ffbc1b2d7ddf82086aeaaf060dc6758af9cb91fae144a0e6f4cc268	3e25491329a72d820de1d77fef8a725a61ca1acfbeec7549964e550e464f5a91	辛毘	シンピ
10802	2741dbe03873bfa7da2b34150dce1d89f3fbf4afaf4cd163b1f3c4315bca7ebf	14ac731a9281c6ef50d81f0ee1a1bf65996482796c9055f9b1cbb0b8072ff136	辛評	シンピョウ
10803	0891a76d68f7cf8da7eef7dfdb24a21fafd783bcfcb95b74e617e356d788a851	ecc764d0009039b4a8c9cac6e7f581729dc795d9f996248267da00987d3c8076	迷当大王	メイトウダイオウ
10804	5865ea969426c24386b8ee4c318da108e58492aec55a237514b2bbd2af37083e	3f7f9e5e60d553ad884776aae8c28949dc7bd44f973355631d4ac9ce11dd75ea	逢紀	ホウキ
10805	6f285b8ccfabf77bc30dbdf4c97af2ca9fb19790565c301aeca73bd7fd62382c	0eb56e6a3da9a1b51612553d5c1b5399eb7ccca96ff6237a89bb5bdd72497102	邢道栄	ケイドウエイ
10806	98d55ddae2d3ff51c63bbf2d80917acab69c990418f967fbc7804db59d07b2c6	5c74051a893de215dbfca7ef8a6544b9228ac6a9368408e93fc3265559ebf873	邯鄲淳	カンタンジュン
10807	34d8732fce8944872d97e1205efaa6f9ec21cc111bdf4120f21b706c2cf92910	d107442482ad8d0435ee600ab24ff95c6c5696a5ccc30860ced15e1088a23194	邵悌	ショウテイ
10808	7c962c2f237d01ffbade2817c73af309e298de85f766a4b2f9de4b3796f16f6e	927220e45393bdeb7c4fb2ba8f563c566dfc06c5e3f6afa439eeb7bff046cbe9	郝昭	カクショウ
10809	9251c366f876075582e6d95498e96fc41dcb4b8c08c129f345f3401a4abaaa70	c5a9e6a84418c9cbc0931321e3a6aa3a5d3e1061abbceef7d1b60c9dfcfaf50f	郝普	カクフ
10810	17c223266018f88752e9c9b80ab75823ed7a22e9a17ce1d21c362b9538d068a9	60283dbdd91ec367f4646fbf87e71cfe892b30d8d8699e94a96086f8b587a61f	郝萌	カクボウ
10811	5c717ba18b7f6e4d77458b832009b493668fad36b0a44991a6a81d5bdceeabb1	28865892f8be7b6e41a470500337f9b94c3c7af5f915ed9537be5caf34b8adf3	郤正	ゲキセイ
10812	97d1f9489cd1d37eb7be3d69e4047ece3b08783ca7343854f65af12c5699591b	63b4ff97212d40b249d4f5b96bf8a4bc3bef0dacf74ca192d5baf3d68b258b97	郭嘉	カクカ
10813	4f74c27e45ce57d0942546440637ffd9ab47778a2f1d29891d0a671bedb79d0c	76ad3aa0b558ef24d280a42c345f2c04bf3ac852864b237f9ca9ec86547f14e8	郭図	カクト
10814	7333c3e277edc0b7996c23b7a4a2459d5267a4962363aca65c7c587e513dc37d	017268d1c85b46642efbb2d12cd4f20cbf9a39309b0ae6b4754ebd4657575de0	郭奕	カクエキ
10815	87e1b43187b081fee6927c3ab78bd7c442bb0d841ee97f3d295302d73da289b8	6deda389b4455779fbc6558d611a19be3e8fff59f94f40a3b0fb4b38730fb70b	郭女王	カクジョウオウ
10816	24e84533f8fb0e4f0915bae552f1608b59af8c40b17c36cba021fd3b1c1e95cf	52473b4641f4c07da8b0530b95f52448e70c2695ec790ecfb23d01dbfa17e904	郭援	カクエン
10817	bbc0271c8d218b4c6e6fb337d9227bb25f95d593de757e68ca6f3dd8cbbe05ed	e9898bc290e5a7001db57e19f647def896fba9dc2a9f13945036ef788b4b3670	郭攸之	カクユウシ
10818	bcb81b449d2e6b294f7823fb0e5ace8662e51ecdfe73c85f999cbfc2b56039a0	9ccced85caf82542445138afbf6a668c829a56f205f1ae06bf2adcd2cb48ded1	郭汜	カクシ
10819	04b763c5beb1e73df94fa00d177abddcbc140c78e4d5eb93e8976370ef177596	9950a28aa223df8dfaff3bce0c9dc90d4a5e4b6ce1ba7831066641102fdcd7c8	郭淮	カクワイ
10820	5dbd7c27af81798eb0a12092e36210c956607c7951d9a10e8f0977d04bd263f1	ce68a1153d0d58e5d443ac81dbe0508fb30733ba322f2be334a1bbc9e57854aa	郭石	カクセキ
10821	67c9e76fad127a458fcb89fb0b79086dc66f6beb322ed6e0013a0b4883c9762e	88f06299477be7a56c69edd4c868755ff34ea26ead1c3663a08cdc34d287903b	郭馬	カクバ
10822	b00ea7028f6c291336fca0c97ca131d9d60e092e5b2dbfbcfab7a4c3509857e7	8b5991de7460678cb4068f4743c0acdf82ea8816accd51e9377b6a98b7ddc851	鄂煥	ガクカン
10823	fe4ddfc01d024538e3417007443fd59bbd0a6230a2b4b014fddc811906c2df4c	500adc760b94970ae03daaeefb5acbc21cb83fdab8bd57c9f0d4160e358dfa6e	鄒丹	スウタン
10824	4a1bc0cbce505d29b861ea19e6058ae96304ec6301c14c7c7519d675f78bfeab	966c87499504aab5b704d05f02df19abff537e14d3cee2eb41590a3330289980	鄒氏	スウシ
10825	b8315f918887539ac596102341bad5d3d892d9dd8857acc7a52516c59abdacb6	ad9d18e8920eee50e805ea498b81018c18fc7c6e59eb1d60433bbb73e8d7278e	鄒靖	スウセイ
10826	99ff9178c12cd7e9e03a2732a9e13f71519dbafdc0f5f20af5fe85734435e800	17b4de7bd471878217c3d0de1686a6d7bf2974817fc01e42263b4781122311d1	鄧忠	トウチュウ
10827	3f5551744db5d29191c3dbe4e454fb333c599fc84b88b4d23d628925630c569b	5edead15abf6379c23b57b4e455087c3622bfd17d53ac8a8161c628030d11d6a	鄧方	トウホウ
10828	191ddbb5ee6be13e0fb51487a658d19a6d2db011e038fcfce4013df601c6746c	dc79597504f56d951608f92ce7578f5214c46c8be1b331044bd8ef026316777d	鄧義	トウギ
10829	431537d6120f7784756d589943fc5d6aae2cf8f0ec25d0371aecd5cf624aca31	dc142f1137f5f4d46cfb15da246fe257663a68fca5b9b8655191cfcc2390bda0	鄧艾	トウガイ
10830	2e7aedf2bbe9f79c873e50fd3fce12ecff8f39a15def1f47148c9a459c4d3f15	335b318e5dd4f2d012e97c1afac64cfd909e0ffa58f446d24d1a099fe6f1e05f	鄧芝	トウシ
10831	7a3a315e0ce71bec734929d4c59eea6c494a53529edf7571c0a62db3581d2c5a	0969bb1aa705c676d6ba7f63c227859ee26a5fc472ccf2bae8eaa30d6c5ea6f7	鄧茂	トウモ
10832	702b5a7a60b58270c784983426135caef9b33002f11c66b42734b9fa16e37ec9	fccbd2758dfa6bd9af41e845e04fb40f1cc22ec42e1a94d62bea2a69eb3e967d	鄧賢	トウケン
10833	38cd01977b6786402cedfc22925b7e686e5fbb73aa1678759306687e20cda165	0b52766a7ba78ed4b3f1c1e668eb1e57d81dc6cb7bdf13c9137aded26ce99dbf	鄧龍	トウリュウ
10834	5a1599e9919a9884f1f49d14e548972ffe222d91def452a4de145d0e7a1b930f	12188ec3f78637b1ffc519c3546bbc0b9874fe96cbff9af471d87223b99c5c5a	鄭冑	テイチュウ
10835	c2858071bfeae4866cd21fe7835bfcb8f217ed4b1894ff832a7f64ede0d4188a	4b219a750de7370e77ea5a189f5491711ab897e671dddbccdf02de4924ba7862	鄭度	テイド
10836	e684b78d03351fd5c2b4ae473388a9e30210d952a3dc907a26d5afc5e8ed5c15	adcb41902c6be7c580943c34f98a4fa7b9273894f1010ae99cdbf21141da1994	鄭泉	テイセン
10837	d945682ba819c9af347b5992b7aa0d8e81229bb15d65575afdac3c49a9265c7c	a33ad527ae9d635170d8658fd20343f750e52ee29ff67b685d7699105c18b502	鄭泰	テイタイ
10838	bc51d40e1f2ddf0988a9c2b547ce52d82ee12a35ed2618ac1e406e99aeb65b10	ab19409de84d6fc9c73d468e28523288e1888cef02eb1cfcbbb706b346135808	鄭渾	テイコン
10839	d502f90f4f3253835d91974e995f67b5668cbcd4974a7e30008bf7a638770c21	0fca781416495f8b0f9964a91fd6e4cc5c1211430cdc26705621c2ad25352bb7	金尚	キンショウ
10840	869a2583f29ebca112179305d001e3aa4a4210b179ce943fff69ed4586ed2680	48492527828627c2349a36ecef05c61358c9a389e0209da9f8814ce3f6dc221d	金旋	キンセン
10841	0dfafd0ddb694923348285d998b14354fd57b3ec068d9d18c1f986335f812066	00c59b581832e89578ba1512b83cca73156f228845bdeb6899f94a3eb5cad81d	金環三結	キンカンサンケツ
10842	c98d3267a6828bf414a6f19a2e69ff2e1c2eb39f7f327912a45f054bce5f3d5e	172cbe9b4b02119fd8dc343eb5fd5b052d1e5b15a00e8a745fe775329157bb0d	金禕	キンイ
10843	218b4af265143886bd584703a701c47b695a68ccf6203ad7744c28870170c7f0	dc3d9dfdf3791aecc05596f7e337f6b0d5718546db2448a88ae4ed15afcf9c5c	鍾会	ショウカイ
10844	f3aee4b0f7182ca5b99141f7286b66be5dd32d97e571e9c22195819455786452	e86e3d92cfad898091174f0c40f9dec62c23107778cdf460aebd8b439c37fbbe	鍾毓	ショウイク
10845	a76ea2598ca7c09a3b04fb1038481fa6e0ae217b0ff142dd15454f0817bbac81	10d043fa425128ddc917471e8f09df670b379b0a5062645deafd7c1f6e40fea8	鍾繇	ショウヨウ
10846	acd37dd35d12a2bc738355c4365684981d21143fb6583add3cf30c2451ba88a4	e78af35fd65c8571877e702e0c1946334e04c4c184b2eb8479f24c12e2c73a51	鍾進	ショウシン
10847	bdc2ccc5c3c9d9ea6fd0b7427c80220ce05dd5aa2ec8a954b8e30627c411e450	ba11182d4f1895d5d2a4cfb68ad2dcb3403d2ab6b16f77c0bdf7682e34d59105	鍾離牧	ショウリボク
10848	5a536c0765809a56b18932ec05ae77570d27a3c1c2ec9d4c0c392ae6f2c9c752	fe901e120677abcb84b592659b297f2346df4ac662498e98c5698ccc99717da4	関平	カンペイ
10849	0f20366682b72fdc9c6ffe004a4aa6a1aad65910162a1fc1687126639bfb894e	3b292733076c1da70278047cae481bc185a3d2499895c27635254bc491565183	関彝	カンイ
10850	f897abdd968e172e3cd45700ae268c0e70852c0a74776499907ce733f7cde71e	d0019d6fb39c38c789f110ebc614d94ed75d12007372e0514aba88282be39bea	関純	カンジュン
10851	c64cd694356c83bf2361c3928063eda80d53d03faa47bf3f9887cca5f63e39ab	31a35396f898037d6bf9166e1cf363e0bfcab34f4061d38890031092f66ad790	関索	カンサク
10852	e4eed6feac50b74c8f3f0c613943578581e66e7953c5ec08d038e77b5d1ecdd1	d0f021e2db1b10991a348096df35ae6f64bb31a5b3d5ef9f8679f5d897f1b783	関統	カントウ
10853	d2ed5ff024127a45d2589a6a507828d6a9a8496b70edce9da86322be28b81839	a33539dc6c8b47246b70fba5530740f26b3eb4371dcb86e9056b3f659b355e01	関羽	カンウ
10854	a54d8da748785164457279f23be6075594d4afdc1f54038c612f64b7b7071a07	078435c87948ff880b9f2601f4ba286d457380199fa1f49381e1ecc7acd9f1de	関興	カンコウ
10855	0b6a5c5544f7e063a5df0b7a22c29bdc97aada7867026846ba285de762824f19	806da96017b267c523ca5deb5d97b26924377995cf07544b0bf3657b65693931	関銀屏	カンギンペイ
10856	dbdd6b6ec92a39ff5b8141230484b3746e118762a470d60a7af5d249334aa8cf	3ef2c56c27ecfe32bd55493fdf4481b8258ef348b1ba581c7f8085602969d518	関靖	カンセイ
10857	2a04c3be0792f047048b5d8882ac8f0ebcaab9d9b9f410f5819af5274f8d7a00	ba547e7900d8cfcb5d9601f1a0877cd52c74f0ebe8ac8770ffac3ccf403898ed	閻圃	エンホ
10858	a589f0342f22d9b80ac7e7ad32ad3966c1df94f0b5be1f72f886748f1a98bfbd	a5ac993f6a7c83cd90a26124a7087d3d7f8789e37d9d665241ba3e0f5924514c	閻宇	エンウ
10859	106729484479a8f215d12f021cc10e1b90671ea9623532eb4d3e2d0a124dedac	4f48de8eb063ac9e22d7721f8ebb2167de90e20527c5fd192bb18b1146d5837b	閻柔	エンジュウ
10860	120fb9c957f982d91dedfe575bcd986e7e8b20989285d56dc313d0026694a801	55278caa5a73bb79ef90689ac56025eba4be1bca4f4c7d9b0bec972f24d82add	閻温	エンオン
10861	3bd4a1441985f9a97757a7bc9211b0d62c5eb59c6265cd07fb40717e91dd8f8b	598eda73e471fac49f5d369e496617e5d7178d126fd257bf18cd089d4fb3edc6	閻行	エンコウ
10862	82e5f288d6056f4c9a8dde50729cd1435272fb7efa4e255b82dcefff8bf5c807	4fadc3d8ef408da671be552ca10f3f54c2076fc426b7ad46fefbc3f183efebac	閻象	エンショウ
10863	f505c98bcf0a4d6375f703742eb118c02d054b7841c636f8d203e802fcab5c1b	1f73d4e2cf865904671cfebff58528115e5800bceab7b9ed512fe28309ad1ba9	闞沢	カンタク
10864	29433ccb854d35cbc71e37b3932c893061f6dc332ad3b6979481aef05c90d904	2de3b2288bbb69bb502ed20dc9f9e088d474b00d32f119513489af60af2a71bd	阮籍	ゲンセキ
10865	14ac15b8a1472b23a1291dfa08ab1e968cd2d8ecd989c74b924a5387b1583e42	67453834ac0b4f1400d2651894df586123466c6f465a8bd1abd6a58cf6f8a66e	阿会喃	アカイナン
10866	2dd854ab28709289d7c176bd7a62c8dca048a598d9870b2b1c4265f6a4184e4e	e8814a872b666457f2aed4e2b3cfef58c33885f8d57fb9c1817570c2d0dac770	阿貴	アキ
10867	280c0e334939d8539b68a28c0cf06a25748069a4dffe395c642dc88ead331aca	fa41185f7e2b2d3050f05298926508faa84df420ce436b9f00497fa2337fa8f1	陰夔	インキ
10868	ebd87245f020f7c1e68ea1c57252f0c8ea8505725ab2eabb10ab86d193028466	365378630728c93d9555a5dccdf590f7005ff2a51c3cff1433c3f2297b708341	陳到	チントウ
10869	89c16996042996529dae7ea8cd2363cc7615f8b7e213e4b59e219c9ba09b7f54	5a1c77998e66325021b5a38dc6527b1b0f9e1c15dac0c23376ae3676d3c32c50	陳化	チンカ
10870	50e542278b1b7f44aec8775bb0154599208107b83e3f249b33b1d6fb70a57554	ad69e3958a867ed84085c527fbdfd4fb13ab7d05a80eb121d9f4ae8f8dd12d25	陳宮	チンキュウ
10871	48379c2a6df41ae9abdd961882cfa0996f6f7fe05f6575517c1caf6fa8b61434	703e2f53a57993369862b89181c550fd1ef014a5a80379559cc4d39f64f3ebba	陳寿	チンジュ
10872	65bb2f2f9ab4a081c411e16875952ee4790fefeadbda0dad64f1a55bafc91070	31b5067d54bb5af6dc2bf31bb58d62799a9cfe603eb21ab332815fd15c0cb0be	陳就	チンシュウ
10873	a346b448d99ab4f6c7683d1ccb63786dace607ef3b2a20b45c1302d688bfbea4	195c841a76b490426a129722839cbe9e594a83076d622d9c5e24579ee143cf90	陳式	チンショク
10874	e3ca68daf71a1e74cc94b128002bb47bf3955a4ee97da6cc5f12c6dddd57b492	3c5343be191925276b244f7117c0f43e35efeb6a02461b403b672664b03418aa	陳応	チンオウ
10875	b03b05b67b573ccd570aabc6afd13d0fe532c92978a5af4a02e6b761088ac78d	2f5699fa290285cc00c82bf5beec3984f06f2cd026b6177c5e241f762fc9f265	陳横	チンオウ
10876	244f864f4781c1f6c9385c1e071c791047e89fd0ac9f46724ff0c8b753f8a613	80222261ff4cac58e2a92fa9cf4e6b9e2c404157fc856154051728c0dd3030da	陳武	チンブ
10877	5b3c653228871ae313539c2db8cca385c6afd92a96a411ad4312ea77af31e089	279433f4d3acf0c71cb7097289c8a98adf205948c8f4614824d3736ca483f0cb	陳泰	チンタイ
10878	64f53d58c048d757df2a210b7389e896dd530af9957e3ba46904da4c67c2e0b9	1a3f64c01716a5245b5678db5e1dc69d545b0e1bc50b628b4e56c47cf615fd29	陳珪	チンケイ
10879	c31e61a6643179eb57624889b58822179ec94b237905963e9d0ccfe6ea72f657	905867d8c24b804e78ae7fc6d56fcf24f3530a08d251bb6774f4338e251cac65	陳琳	チンリン
10880	2fc45e3d11039c3bb83d298079a84b8982230309b9ced7739d91af13a011597d	7d5f48462b8052a27d8cfc94427f9a00888b315cad6fe82dd9511961f114ffd6	陳登	チントウ
10881	80dba60e3bf925ab9f4798a6f309989cf13ff12f65d843be8bf7bf6a9be67d88	dd780aa90f59df66c07082c64b05090837cbedb000f7b49be88a36b2c5044689	陳矯	チンキョウ
10882	1849cfc81c3e0ace0a20b80e359a59abe485115c9f50fdce0d7eba83ec8a2735	0429b2c73717c7f5fae76cdc99754e26934a97ce9fec44e8a6eb70e66ce64ff5	陳祗	チンシ
10883	ab6f12ed0a4382a333e7264cfea3229ebdb3442977b00d81ccf2a59d4caa25fa	54f98c64b0ce03256764fba4e0f1a61b87cf3a2fbd7cfd5abb0d22114bf75c5d	陳紀	チンキ
10884	1789c234175deab5f5eba5216a89ee76abaae112d9ba5ea8eca21a89e6436382	e941ddac64b473df47ce07d64dde410f8eb55d0b1831c3f9a6382bf004006328	陳羣	チングン
10885	6eb73e55ff45514a297b6cda5b0077742de1458553ae1ca00c9a9b2dea9c1b72	a901ad0cff2446245cfaca4ec6cca21caa9d93a2706e30903b4179a9d2d923bf	陳脩	チンシュウ
10886	45846aa9f522ce9224567c8ae68ca5cef6fe25f48cfdb2ba26b7793c672be005	e150fa16851bce582e5cf5534f4f56447adf294751abaade9c1fc08049fc4c63	陳蘭	チンラン
10887	45887e418e32051d0cf4efe40cd791621c95886ab2b5d63b5d764c5ae59ab5f6	6c733c3b0c31fac7d15d5fd383397acbb2f90cec9d0d48e504f61ee91e2b5701	陳表	チンヒョウ
10888	135aa26318b05115121b3a99c4b9531707b246fe264322f3d05d4b31057f892b	7fde17b78bef1dbb10162030647f2c731fb2dbfc66e18b88af97ffa85c369f19	陳震	チンシン
10889	bec2c58b932da23f23147ccf6ae47a063e3ccbe3c8bf1d13e63f757d112e90d3	03179ad51823ae9b786069a0baf8cfe1bd029f90b455df094355a71dd7015353	陳騫	チンケン
10890	488cc02c9a992636e239bcc2a042a68834863cf27241b8cf8cad2d8ab3eef724	ed727a1f803060679fe3f159aaeb656e4be02114000ad8dad4087ce966e5c3a8	陶濬	トウシュン
10891	30af7bb339b52018c46a10542200cba2c89358feec459ddf507a9c15a27d22ec	f29482e693cb02aa915a8f0e953360d51a8590d167539ff1a884ac915b5c3975	陶璜	トウコウ
10892	22b48c938b0e16a3d887e365274ba78294760100399a7c05c1079798a9d73330	5bde1051b7643224c9b4648f70b92265c9083a518ec0f2f586e0150b1499a336	陶謙	トウケン
10893	10727a7b94af9f0ea62d514dd24bcb2300662c91ea770ff7c6b01e4e9dc9c6b4	acc7168ab6d1f34ad387d64bf063d01a6ea08acff38d83415da7a17ab9fd035b	陸凱	リクガイ
10894	64a15ab66d0615992d1242aa1cdae4639a213a11c08e56745ace5c8e9085fbb0	5fef139d9a1665cba01564327bc50de54cbf4decc184feb0077484957be1f665	陸抗	リクコウ
10895	9adb31a255dbf7204d3bb8b02490070947c4df230037cf76be0c521a6fed2a19	5bfc5df7e147aefcd9448c1e5b776d46a0ce605be6fdf0c4899849eb11760dc0	陸瑁	リクボウ
10896	24adff1a24310ed941f93b731ed2b9f7dbea8443b355445d8be2426ff5c30acf	f3b29ca9b3aac99b1ac57edcfe00487d3da60fe4000937194359cf2874a4c40c	陸績	リクセキ
10897	a7843680ccfb21c458e3f5322c664632ded69662def3e1616054481e36e2752a	48c1874debd0878336b676593478be57c95abca66b65b67dca19838d025ea784	陸胤	リクイン
10898	52055eb5529034b4477ecc5700ad859e49bd7b3e9586b63aa25e222e0d7c7947	fac2d2cb0c096513da707a029280a70e5609762ef558a3bf510ee3716033ebd1	陸遜	リクソン
10899	6114d56f4bb598d1929fdc8991bc0b079749ae9cf701263cbed3e0b4a1109461	9f9270157a9e0988392d80e20d65bb66ef274e278c15f27d87b35c19aa492f7c	陸鬱生	リクウツセイ
10900	78bdedab6be239465516a9ca37790b551610e1d7210360376089c15c53d93431	ddbe5200ab1a4463ccfcae478c87d0d2680de6aae2adb3ab34d885f4a2355917	隠蕃	インバン
10901	ee92ffb5114be9a09b2b09b0f0649f4c73cdc198762ff8636aa8d23e85648ebd	6b40c1827b5bd0dd9be8365cd8370bc1d527434da0327c9aba9a3fc6621524ac	雅丹	ガタン
10902	51496b177a32a66e71cdc59775c16b17878359cfcbb62f8c12f7962045fb1b39	a7d4bc018779cee4baf2e753f27585f77d0fb95c3582e66e089a0a3003191995	雍闓	ヨウガイ
10903	3f66d1f54b02bf0aaf0d9a0bc5dbd02054d72765a6025d55bcdf572cc6b93517	7288b3e80a44de56727f8c1d57013e3b41f22b5098fa1aeeac5698aa556146cb	雷叙	ライジョ
10904	1175aea048980adb4878bf5e8925b98de5c7244553b3ae60c42fe2d158d8effd	9038af9f12308f546b053308cecc81b4f6577cb7b4e0517c91c5bc256e6d7569	雷緒	ライショ
10905	91926b3d131c207a1d37450594ef6b449206c09521a563cb02b849df45805b36	9f2ca6bd228ec63709abfa84b57677ae37f1d143dddf74b55a91dd9dcb3c57da	雷薄	ライハク
10906	95bab5dd2ccbde7d02a08787cfc80eaeac44ecace4b06c2f7d21a486e66561ef	2b44232067e5b86dd4857f164a3de021ceeae25aa76b37be330728c67234719a	雷銅	ライドウ
10907	07618f12209b213fd4e3671c9c7fbe42c8e8659b9c0840a7b6c3b3795224b7e7	5f3531c2a4fed2033baa1bcd6c174f9d9cadfba058da783a90866824c661d90c	霍峻	カクシュン
10908	6ea2442745c40a9cd530ea7ea79dd1789e80c703b1f38e75f59db5adf77e6014	05039c138fbdbdfe0aa36f47890b9697d96cb6958b7c284359d658c300fc4c4d	霍弋	カクヨク
10909	9040e7e0cc95d409baef8e94a9e402c969df7afc6ce60371237870f369fd7197	6732a1eb5dd87b9a95aac9c076d8309ee884949b3eaeb06262e71263becf0b3a	鞏志	キョウシ
10910	c59e43b9f528902ca28524c04de8b0a5235095390bc5cc84b8a3033fe53164f2	1cee0f873e7aa820c1213541863da215e6c32640b3f9e38e3f53d36f5af230a1	韋康	イコウ
10911	f5d9e8d88056d507dcdcd7145463aa79cfd3b16c6642d4f52020f5ebec23247c	3cf8bb558d96e67d684c89f1ee9f8c2b6a9f7b84194d9264303b8283c6e91d29	韋昭	イショウ
10912	25b2ecdf40c2093c136941227c8e1c480bcd96de333f8d14cfd94266b5fc05c9	dae8373de088ca06b79024f0a5793f07fa041a1066e39aebe004cf74c5379f4f	韓嵩	カンスウ
10913	b6d4e0664ba519465f7e65c0b380c87f6258fa247be73e32eec1cd0691044442	8b3906057edf2f840b8e80937703c307848470c1a970a084af56ae126d110f7b	韓当	カントウ
10914	f503fefcbeb3217590faec658ac83c4c12557fcebd9fc69c4e2e758d6cda23bc	5e1e262b66deaf1c6bdac674d7fc2efac7dbe4b4b55fbe7a671201655c8b9636	韓徳	カントク
10915	9303d3a6a8d75e138e9449cbf9e787e5f6240f535c82ff0cd28af57790895872	7e81b2a2d06520398681712824081499576b00deb130c4209faab88c478ac83a	韓忠	カンチュウ
10916	73486bbf7d469a218c3a03a54082ef8125009b558b09bab1874ddeba5ca136fb	238bf04fce3b3ff5b2bee8606acea9a0a869c22c5c462a4751ce4ddff3a67eab	韓忠	カンチュウ
10917	58973980e7d10f891e1864929ccc64e104c52c231e88e3e886a389ef9d9edb00	7b3e66eeb6e89f9f37740c7717114919abf5a9d64f6a7050bc1fff7e81e2c931	韓暹	カンセン
10918	70795ed357d511e97984e9d0dfb08eb4620b77e230776f497a751c51dbfee701	14c49442ff213bfa774c48a91b763f58d9f06ca387c6d1f575556b21122d60da	韓曁	カンキ
10919	f026de088d53bfdff6e590ecb700ad0d09e3ed17ac2e18b08c030328a9041388	87849344e0320803c67c995ead096b2072b3b412f0b20b5459d3b02c7de5c8c4	韓浩	カンコウ
10920	a11764d9aabd2a92d4776d1589da21e7313e0a125ae27199f1939207541dfec2	c3ff719412b43c321be057cb528326c577aad5e2929fbff6e3d6413489bbc41c	韓猛	カンモウ
10921	6c40d732d65e22de0706f2bd5c028b378f46a3a636ce648ee61a562bced22cc9	e51796338d18b6167dc9cd01f7f02c6371b71c57ecb4d0645d275cbcad4f880a	韓玄	カンゲン
10922	3d9f09531df5d32033aab9cbe9cf1fcf0b39754340523eb461fccdef3488651b	22708e8715e7a9ee4f03d67983f69e7374495e7b482fe8da5b52a087212a9e9b	韓珩	カンコウ
10923	d2aa5a914b1248cae3699648884da3265eebfa3ed487a4071e1cda60a7d70883	0de6e4e99d4515c1b81f3e2e646927d0e0410ba131f34debbba8631178536cef	韓範	カンハン
10924	72e7b45ca041ea42faa5afa7e52ee9db3997f5d20ace3f218f940d412252e51e	8238a7aee489fffdc509298cda7645fde4ba1768ccdf2ed2f239f65940615dc5	韓綜	カンソウ
10925	8148de9495907f83f3646bdec739e298010deeb9f53b0d2f2a60947714075330	99376d23ea28c1bc42f2fb47d8e28d320e9921abfe92c565738b21a0d3a5a3e0	韓胤	カンイン
10926	558ee70073250e2d66b46f48fa8bb5ac620ecdf7a2e283bb45c2350c0fd37cd8	dcc2175bd1570e252c5bd35bb6beee079cecbec7f89eff46f5c63f41377dbc63	韓莒子	カンキョシ
10927	a97ce8c9fae1c53de198900bbb365a182a821116e0e369dd7c13482fd5fce34b	ff358a527c624cbdfccf0939659ccf0ba0da9803243de587e57f2127361764a4	韓起	カンキ
10928	893ee490367c84b341fb5594343a8d7123fa9455e679f06d9076a7884e7e62a0	23de88851893896787529fa3b958f188b63819bbb3bffdc6d07ff682a4a872ef	韓遂	カンスイ
10929	51cd5dfef2667b8048256b815d42c41bee23b69f96bf5fca0dbcb5f79c5102a7	ec88dab27d25e0b26cc027d70353a28bf8ab3c9fc6f1546cd03eb507feeae39a	韓馥	カンフク
10930	a9d3ea49697fb30eb7da1fa3cc431ab8fe8e9e6edf5b6a3184372b5dd64ea657	f96f86264fb8044e3adff4c4a5db6c0988c3d28e9c3897600b9dd9fa3cdd0f16	頼恭	ライキョウ
10931	0522241430f1a108ffefe3974ab4a1e8faa0cac8a3e7d89b8bab278bc2c805fc	adae75efa0331df0ad8d8ab037475cdded604490b662725eff9080ae2ad69f16	顔良	ガンリョウ
10932	15cd08440afadc4fe44beaba85c6049bdb411961b3dcfb260e7f1a392ca188d2	555add995797e0a81d6eb2744223e38c0360baf90e5d3eb507503f24d882fb19	顧承	コショウ
10933	e39d0a8bf662b05d4559d3c6845f9eba14c41005beea3edcd7a3b7f51e55a984	f8a3a746bef60e6af630594ebd07f8024df508c05c7150dfcf7548c536c17c21	顧譚	コタン
10934	8c9d44ba6b56b31d5c40291935d4aeae50cbc5c6266a35314f72c221d7ef3d64	758726b6942755f03449233d4da7e9da1dc03ab7985a55bdabbdee4bfba2083b	顧邵	コショウ
10935	06a665192a7c6b9c8649c70b0c40d99245c1418cf0c5ad1b408d512f702c562b	33125d5116ae71c4a215eb03369e683b604ed0c6b5a30d94455923d72fdabe05	顧雍	コヨウ
10936	4eadb6dd32be8bd143a9884289d848270db51a7c89bfc982e10195f0b4add763	14d29a1350e6c15daa04a8220e3302252a22ee177e991b7764e72efc40658df2	馬休	バキュウ
10937	ea3e9de7c468cbf052015cca13599176bb56ec9a6c9ddd133460ea9511b3caf7	467040e8f2bc593e7d812b7275b3013ccf56ff1a3b1bf05e984a6e57791d4bbe	馬岱	バタイ
10938	97478bf4e2f30cdfbadd193f31a27914aca115064d40aafe37c3c73b43f065f8	1e2d067899b1f6587159e3d6966c1b3fb42f515689357459f77a6c855f83e6c3	馬延	バエン
10939	8a50a4338e261b6cac99aec88018b561d97679a27841c7bc572117f64cb4fefa	0dcdfa0ec61308df61e28db5dd4daab408f1b9a9ce29fde34a9f56de6a94a05d	馬忠	バチュウ
10940	81b2d8eb1c3f35055e0db565ce382b9c133b4c8dc9603d98456542aa53109fae	439763c7d3a92830efe08b94a4ad147641832cf07554ade7a628c239b57f841e	馬忠	バチュウ
10941	12223b7a529ab3c8bf3ea5fd98fe066abff202a2d833bb57894d8ba1ae929160	06fb73b9d92dd88ff532e1aa2239724b462e1afe0015d8d28100b66138caf1cb	馬日磾	バジツテイ
10942	12399a26a63aaca8b5a40da97ae5a7d87ed5daf0134c3e46f8a595ee51b07bd6	bfb502857d80094a3a935aba80fc57dd4a1359ddb713b9664657d28944bcfe3e	馬玩	バガン
10943	befbba09ff99ae2eeac3d971a6975db077dffa4b124c88018e699e59b5111f46	3ee982cbba345dfd4b48362295c0ffa67d1ee4db72fdc29ad2dccf26773b8593	馬良	バリョウ
10944	2d22d022acb695100ad07a4dfaaa279116ff5a8a9495f1adca067aab89264716	1bae14bf51d4f2eb7caf0229d4a81d612b518273b0e76117caf9c8e4bca573df	馬謖	バショク
10945	cc1a4570b20cda92ba898e24bedf5e8f0ce1ed2bfd31baf8680e4cb84724aa05	2699f734fe51a1fedbd4373f030d01df1072be541dc65183d43e5a40974bc4bd	馬超	バチョウ
10946	82b3d26400148528828542d74a685e29668ab97544b4455fa31224fabf026b3b	c950226fc6a54be674338eff7915b7424f24bf5e656d5363a470bc98d2020488	馬遵	バジュン
10947	00684bdc14c1eec83acb02c465812e8697217fdb7b4e2102670ba4d7e44f7c9d	38cbca433e06fe3b55728f4f386d8d74f1e36a9bc1dadf88fd153ab675ce4b1e	馬邈	ババク
10948	4bd662316936b7d0be3465d68e5a3f6fea84d8ae3f3e6d878cc35a7a6886a78a	8729ca175b2dc21d685dbff851a0586ffc3edf4d08e9673f18a98cea9cd3db85	馬鈞	バキン
10949	b1ef5db7e856b656701e9d8b57a19358a5b8bf12414c316863769fab21219864	31f7a343396c896c060d3139168290c2fa0d0c21e50ad2bf9cbca537559459af	馬鉄	バテツ
10950	3ea75b41e0d19f11cb1dd38e2e3aa9673dd717d1ec0b57b70bf330fb290051e2	23bdb5bffdbedfb8e92c70f794469984870fe691e9468bddd0467080b867c5a3	馬隆	バリュウ
10951	a4390383993666b7221966a047d79f055f7b51a4a60e28490653b0ba8a361bb2	e521821f31394f588d427c9b73335f877d4b590c22bb468e751d27136860fb4e	馬雲騄	バウンリョク
10952	f582e80174aebf0314eb6148d828f184f81cb55594cd2e7abe99225f327d8c58	1e8757fbe9ec39d34415a4759f818dde20a3818c7e2e6112184d390ab09b3e24	馬騰	バトウ
10953	adc3330f3ab8c7a2ba8044941bf449bedfe33796231c37b77c2c09864f6697ae	7e33811e6bef55fcf79809b77592fc9cb816530df70a3311fae2c7852feae0db	馮楷	フウカイ
10954	a4361760682e5a3a118d43ef1b6cac1614a701202fcd1b7277b58812d078d752	df45b2dcc19a8f0174699e59ddec7fb2dca555953f1c99837b797f2e20f8ffbb	馮氏	フウシ
10955	3ddec503195c72501b9c2f56f93940f4829079e01547b874e1d8c40a1f9c0444	967473ed3906fb6d0e492ecf3784d9544f051ab2f9a5ead644f498e750818d38	馮習	フウシュウ
10956	5ad5901196e26d665b50410a7cc5e42826cea6e1e290fc4cc454500f8c41b6c7	d14be1ca063d62f4ae8bfd16bdb5296154bd385bc126f6fe4000611ba3c3a19c	駱統	ラクトウ
10957	ac1b57eea1163b2015808dbee7e620ac60d7640430cdba4d6a40fca12cd4616f	016f50b4a561a9ab605ac34fb6f7d29b3e33eb7dfc815935133f55b99088031b	高堂隆	コウドウリュウ
10958	1263e6c40a082511a6b762269e9308496f4a9c464b13d45e309aa450c4c8d92d	ad8a6725ddf7872d3ae12a59f436e5f1409ba2915c545115465a5b6272d2c791	高定	コウテイ
10959	d57c1932a89b53e9c45869599b99bdaa58bd915a2b23b7fe4768c1747905197e	a84b27017ca81a9bb3b2706f31021a67b71317346cb1cb74db913aee83abf73e	高幹	コウカン
10960	0183d1b45a18bdc298d262881237b822eb52a9969a4f2c24a0ed176e2ff05beb	6dfb96e6b065c52556ba44320822739c345346717a43eb3426c91346d41f6529	高昇	コウショウ
10961	cce14b1289443f9dbb61c1bf2d18544cca0202edc4a26b8a95e128012606c0d4	e84c45056ae69dfc88a29663ee4ea1d7179fbc70e9cee34c52e6d9d01595fa47	高柔	コウジュウ
10962	3bf7cf72be0f22c22f8d81ce59ab3ab15cebaf57f5c57605af2a3199c3c18721	e315c79ecea0b4ef2e74b62de710478273773d427fa83997e1b91f76ba1692ab	高沛	コウハイ
10963	e2fe24d0fe6990ebdb29fb8ac3c043475dc9c76d7145cd36149b3b9867432418	07cd5ed46c970327d953ce316110d2764152cae8673fc09c05389a7fcfd8b3fb	高翔	コウショウ
10964	29ac6e653a4a1577c8ef8531af96f448842c39ca685524573c0c1855a551836c	f4a9769626ae097a7323eb50c74bc0c5e8de3a406637b121a47e994764c7cb0c	高蕃	コウハン
10965	38baf22d022387d6e93cbbc8ca398f5dbc525cb29787c54865156ce0d12383f8	9dea2c3550b02c844c1c9110cbe0f90b72295fa962e11fdce60a2497d20169b3	高覧	コウラン
10966	ec8d0015cc040ccd1c752037cd212ee5274f327bd7370f42fd0ec09d701e3933	a4b13862910946839766bfd77b0350a713f6c0eed620026104ffa10ad82589ec	高順	コウジュン
10967	c19ebf6b0a0af7c347f087d9ea9ba7522d71bd5c9c0f18b3454bc0681ea8107c	a9f9c74e6d268581af8231a3ef7d49634323fa95c067794780d99d8d9ddb5d11	魏延	ギエン
10968	4e4c8a59ad246cdd0dda91bc1e3e256fa2fab1327e86eb7bc312d35e62f7bc65	ddc87f02d5e5f8dd288263fb5e4c5eeac15427a016308d3ee33688af982775c0	魏攸	ギユウ
10969	d07f57cfcc0294932182fb052eb53aefd0924d9747b043484b3d6780dbd60efa	06ade709732ed881e073fbacd79ee2adf65a3d49b8611481358e3019af44c922	魏続	ギショク
10970	4815f03024c1c7da7a0a99929a2d6550e06aeb99faa4f1a38e3b80db19e5d96d	c57dd8bde7fa59992cac185e78f8232e80f555ea7f885e25b8a60356c336ae38	魏諷	ギフウ
10971	990070185586906bdde29d6bce4fe58012547bafa94c57c23c26f4d96f16877c	2237f83e8f3e1f8565e95384674bf6928f2c4bac7f18545e3f7ba77f85473f60	魏越	ギエツ
10972	1388de0ddc36a638e06f81a26a4e0c1c7bf41006de586651f840143730de91fe	a33122c4ce231d053e26796f82570f9ace0fd8f23c48c3f40cedd4ca3b8c9991	魏邈	ギバク
10973	93bd1bcbf0520f7d185150db874cb476bcf8c36c80081a7f75860719e1c046af	defdd2f1fd69dcc93c996915c47994de8fdf2a1d0601f971c329226e06e42b5d	魯淑	ロシュク
10974	1d24e9941a5b5ff23ce2a9f6b48a519eb74021813ad349d8ab258acff12855d0	0acbd94ae807d6c95d7cde0737003c06920458b89511e71716657cfd51084c2a	魯粛	ロシュク
10975	6edabee8131c52eae505c585e2925a9ad777db5b8c7c818bffdcc785eb83cf5b	ce98db85d08d61e0f41eb4d37e51d17f9eb8bf0c5e8550637cb59452abf344ff	鮑三娘	ホウサンジョウ
10976	a36e4c049a95723d55319c5046ecff781e39856a68e6db9f4df2fc268e297bd0	1e7b90090f72118ee7f348a6c1a4e92b384d0f107c2a5da73c243f8be9a3ae21	鮑信	ホウシン
10977	aa87dd8362e9ce3b1698998e464dfce6e58b1c02b6e6ddfd04f8bf51d9578cc3	dd58e98c2e5ec2db784952a3c19af06af21612d3dc7b053df84336a2863af410	鮑勛	ホウクン
10978	fee3d70bea2cf443268eeedfb0f44bc5675737727bbf0a4d13cb4f6a8004755e	7b1a72f566cce2ff9a09f5b2bfe9a9028743eda01ac810867c99748737525de3	鮑隆	ホウリュウ
10979	0b165635dbe5428f18799d3794cb7fa02b282a246b9c7c026034d85cbe6e1356	3d5d960cb4801958a592f4d9ce89617066f2babc056c8d0e8b9db0d4ca0bfe26	鮑韜	ホウトウ
10980	5fb6c260be24aa6fa1859e15e12ac336fd524d7ea515c79b746f494231fd9862	437ee6baa0643a598316cbdaf7f0d7703c1c1f4076365b1f6d6cd6425af54d25	鮮于丹	センウタン
10981	39b24dd0242c6638ef5cbd4cd511d89dc2b742e42805844ef1e50115d4358a6a	178ce392c667d774cb71e001a407eee69bf26fb0d43833798342035d03f9b447	鮮于輔	センウホ
10982	b0da208dab9841515420dcaac58420ab981e5d13e9e41bc427ca102d698149a7	6b7e9432d83f625db9dff018f67b3980198a0ea64e9b498466c001d20270253c	麹演	キクエン
10983	ed30a1af3b486ad038bc489c24cdbce3e52f0a4f6d3b75396d4fac5d6f75a29f	f7ca97c9361b20ddfd030427e6446a59829b4d0e0d41766b02e9bd3aa702236b	麹義	キクギ
10984	8be5aa59b6a3324c48cd99bccb7cc7e9770f0ff206d5f877837f42aef7e2729e	5d2fdb044194d066a5736183936750d217cb4ebc8ba245b56110d47155ec2af9	黄乱	コウラン
10985	3bea6957e495bf7be4668c64098e0c95131d5dcdc57414efc282ea26016d8984	10492f76699b0223a4c7a36000d790a4cf0f49803501895b479954f3cb0cf9dd	黄射	コウエキ
10986	7e22b159baf9338ae48d57ea2f99106cc6eebbbd53ba21e8170199d8b52598b1	9a54bc3d503d0ea8244a448786bcccbdbf3d6c764207db303bed885025a821e2	黄崇	コウスウ
10987	c3146f7ffca034efc2be03b05eff1de3c35891f7e75cb0ba9724daefabd41f5b	45aa146d01866b8e5f11d0bec7043cd07fa0642c2c1d667eb85eb9c0423beef8	黄忠	コウチュウ
10988	966415ff078d86933771684a180cd33220c8c4d08b178d055f36aef28f2219a7	140ef957a248b1ed727c3b2831fd4478c15323a9d3ea0c84917b64a084e6f4b1	黄月英	コウゲツエイ
10989	e415570c77556fb6d49884f0511f01ee5c3f19a9d0e7d0e62f023e56aa6f8781	a470ab07f5ac4a568bac582c7e527b5d022d701cded540d9234fb0b1fc6dea2e	黄権	コウケン
10990	ee93029e8f7d5ad5a0172cfc619f78c63499dd4c2ceb92ab20f2c0dab961ab3b	31b9f1ee4c9e7634f25b87fb338b8488a85049663d87aec9a206dde5e72aa63a	黄琬	コウエン
10991	0c3219545cc5bf6179026c8874c9992c3734eb3672889f0e4805d7ff92db2e24	ef531225d4e5e4e949fe7ee7903a06e194c24ec06e61c8c0637370d0eeb8b6e7	黄皓	コウコウ
10992	8b519758920442b793bfe77ed2467ce0d4b09d23f95973d93c01686ffe7fb165	5dd95492946bb5da47d00e37f5c43d12293fae6a7af43542016acf739a4a1c08	黄祖	コウソ
10993	a0edde9b21d9fbe9841f1a2fc92c0f104202746b6ae7b24b3a4ecde14826b9d2	a09e82675f8ab2e539e172bbadb4ea1a0add0189ed7400f5050222962e07511d	黄蓋	コウガイ
10994	ed6a83e9dc712955693cd3f62eadf5b003a06fffa257294952f96548fa3f9ae7	920f93b063d129f000790fb372caba86902e1afee70e88e33f9136407a4334eb	龐会	ホウカイ
10995	485193c2065c19de92f34957041876445f7cddebad60ba1d20033065f38c7f80	fd033d643c65379358df53ef66d70c92f41b8b7d995360e223f7d6b501d83607	龐徳	ホウトク
10996	615d9255bad9a547ed16e246abb91ce227a5a333c030cd30b1fe8f4836d394bd	1ac3412206f9e0ff10f75872c509472afc7e7b4c60800e8f39b7ee6a21a4d28b	龐林	ホウリン
10997	1af8570c20e25b6f68ab5ec708956ef2cf1dabcaa5678642502a00d6a4148a56	84192d6a01da61cf38bc8892432e1d7c41289fd4e4066e76424e9ea95d91fc63	龐淯	ホウイク
10998	f3e878ae0986922594c232e1c258e2a7a65fc62b9e3c7c47c1550e9ff4962817	ff58909a7d1b0bb3c9944ab63b0543d20f96f0a53892129791bbdb690f92dafa	龐統	ホウトウ
10999	ea12fddff102b8695ea7d439f1c799153b474897c69b5da65c4281d9162d8b7f	c242315f99246bd60cea643324bfafd38ab5f5a8402e7c052b5b94afe334eda9	龐羲	ホウギ
11000	5eea8b0ffd41f3d2729fee3bb6c7a10996d977f76dd461bee31f115a4dcc54b3	b43f03a2b094524ffd01a4310a78d7ccd1d7e6c8f144d986a9e19a1f9fe01f94	龔都	キョウト
